Position,Name + ID,Name,ID,Roster Position,Salary,Game Info,TeamAbbrev,AvgPointsPerGame
SP,Matthew Boyd (13094766),Matthew Boyd,13094766,P,11200,KC@DET 08/08/2019 07:10PM ET,DET,21.36
SP,Trevor Bauer (13095395),Trevor Bauer,13095395,P,11100,CHC@CIN 08/08/2019 07:10PM ET,CIN,20.6
SP,Jose Berrios (13095396),Jose Berrios,13095396,P,11000,CLE@MIN 08/08/2019 08:10PM ET,MIN,19.1
SP,Shane Bieber (13095397),Shane Bieber,13095397,P,10900,CLE@MIN 08/08/2019 08:10PM ET,CLE,23.11
SP,Mike Clevinger (13094767),Mike Clevinger,13094767,P,10800,CLE@MIN 08/08/2019 08:10PM ET,CLE,23.52
SP,Caleb Smith (13095398),Caleb Smith,13095398,P,10600,ATL@MIA 08/08/2019 07:10PM ET,MIA,19.06
SP,Aaron Nola (13094768),Aaron Nola,13094768,P,10600,PHI@SF 08/08/2019 09:45PM ET,PHI,19.09
SP,Luis Castillo (13095399),Luis Castillo,13095399,P,10100,CHC@CIN 08/08/2019 07:10PM ET,CIN,21.98
SP,Chris Sale (13094769),Chris Sale,13094769,P,10000,LAA@BOS 08/08/2019 07:10PM ET,BOS,20.57
SP,Eduardo Rodriguez (13095401),Eduardo Rodriguez,13095401,P,10000,LAA@BOS 08/08/2019 07:10PM ET,BOS,17.36
SP,Luis Severino (13095400),Luis Severino,13095400,P,10000,NYY@TOR 08/08/2019 07:07PM ET,NYY,0
SP,Garrett Richards (13095402),Garrett Richards,13095402,P,9900,COL@SD 08/08/2019 10:10PM ET,SD,0
SP,Domingo German (13094770),Domingo German,13094770,P,9700,NYY@TOR 08/08/2019 07:07PM ET,NYY,18.76
SP,Chris Paddack (13095403),Chris Paddack,13095403,P,9600,COL@SD 08/08/2019 10:10PM ET,SD,18.26
SP,Andrew Heaney (13095404),Andrew Heaney,13095404,P,9500,LAA@BOS 08/08/2019 07:10PM ET,LAA,13.83
SP,Corey Kluber (13095405),Corey Kluber,13095405,P,9400,CLE@MIN 08/08/2019 08:10PM ET,CLE,11.58
SP,Kyle Hendricks (13095407),Kyle Hendricks,13095407,P,9300,CHC@CIN 08/08/2019 07:10PM ET,CHC,16.98
SP,Michael Pineda (13095408),Michael Pineda,13095408,P,9300,CLE@MIN 08/08/2019 08:10PM ET,MIN,14.45
SP,German Marquez (13095406),German Marquez,13095406,P,9300,COL@SD 08/08/2019 10:10PM ET,COL,16.18
SP,Luiz Gohara (13095409),Luiz Gohara,13095409,P,9200,ATL@MIA 08/08/2019 07:10PM ET,ATL,0
SP,Robert Stephenson (13095411),Robert Stephenson,13095411,P,9100,CHC@CIN 08/08/2019 07:10PM ET,CIN,4.05
SP,Mike Soroka (13095410),Mike Soroka,13095410,P,9100,ATL@MIA 08/08/2019 07:10PM ET,ATL,17.78
SP,David Price (13095416),David Price,13095416,P,9000,LAA@BOS 08/08/2019 07:10PM ET,BOS,15.70
SP,Cam Bedrosian (13095417),Cam Bedrosian,13095417,P,9000,LAA@BOS 08/08/2019 07:10PM ET,LAA,3.25
SP,James Paxton (13095412),James Paxton,13095412,P,9000,NYY@TOR 08/08/2019 07:07PM ET,NYY,16.50
SP,Yu Darvish (13095413),Yu Darvish,13095413,P,9000,CHC@CIN 08/08/2019 07:10PM ET,CHC,16.45
SP,Michael Fulmer (13095414),Michael Fulmer,13095414,P,9000,KC@DET 08/08/2019 07:10PM ET,DET,0
RP,Richard Lovelady (13095418),Richard Lovelady,13095418,P,9000,KC@DET 08/08/2019 07:10PM ET,KC,1.67
SP,Carlos Carrasco (13095415),Carlos Carrasco,13095415,P,9000,CLE@MIN 08/08/2019 08:10PM ET,CLE,16.80
SP,Masahiro Tanaka (13095419),Masahiro Tanaka,13095419,P,8900,NYY@TOR 08/08/2019 07:07PM ET,NYY,13.00
SP,John Lamb (13095420),John Lamb,13095420,P,8800,LAA@BOS 08/08/2019 07:10PM ET,LAA,0
SP,Cole Hamels (13094771),Cole Hamels,13094771,P,8800,CHC@CIN 08/08/2019 07:10PM ET,CHC,17.96
SP,Jeff Samardzija (13095421),Jeff Samardzija,13095421,P,8700,PHI@SF 08/08/2019 09:45PM ET,SF,14.80
SP,Johnny Cueto (13095422),Johnny Cueto,13095422,P,8700,PHI@SF 08/08/2019 09:45PM ET,SF,0
SP,Joey Lucchesi (13095423),Joey Lucchesi,13095423,P,8600,COL@SD 08/08/2019 10:10PM ET,SD,15.47
SP,Jordan Montgomery (13095426),Jordan Montgomery,13095426,P,8500,NYY@TOR 08/08/2019 07:07PM ET,NYY,0
SP,Bryse Wilson (13095425),Bryse Wilson,13095425,P,8500,ATL@MIA 08/08/2019 07:10PM ET,ATL,6.16
SP,Dinelson Lamet (13095424),Dinelson Lamet,13095424,P,8500,COL@SD 08/08/2019 10:10PM ET,SD,17.68
SP,Jonathan Loaisiga (13095427),Jonathan Loaisiga,13095427,P,8400,NYY@TOR 08/08/2019 07:07PM ET,NYY,8.72
SP,Lewis Thorpe (13095428),Lewis Thorpe,13095428,P,8400,CLE@MIN 08/08/2019 08:10PM ET,MIN,7.98
SP,Madison Bumgarner (13094772),Madison Bumgarner,13094772,P,8400,PHI@SF 08/08/2019 09:45PM ET,SF,16.72
SP,Matt Shoemaker (13095429),Matt Shoemaker,13095429,P,8300,NYY@TOR 08/08/2019 07:07PM ET,TOR,19.78
SP,Anthony DeSclafani (13095430),Anthony DeSclafani,13095430,P,8300,CHC@CIN 08/08/2019 07:10PM ET,CIN,14.87
SP,Cody Reed (13095432),Cody Reed,13095432,P,8300,CHC@CIN 08/08/2019 07:10PM ET,CIN,7.35
SP,Kevin Gausman (13095433),Kevin Gausman,13095433,P,8300,CHC@CIN 08/08/2019 07:10PM ET,CIN,11.14
RP,Josh Staumont (13095434),Josh Staumont,13095434,P,8300,KC@DET 08/08/2019 07:10PM ET,KC,1.12
SP,Jacob Nix (13095431),Jacob Nix,13095431,P,8300,COL@SD 08/08/2019 10:10PM ET,SD,0
SP,Jose Quintana (13095436),Jose Quintana,13095436,P,8200,CHC@CIN 08/08/2019 07:10PM ET,CHC,14.30
SP,Jon Lester (13095437),Jon Lester,13095437,P,8200,CHC@CIN 08/08/2019 07:10PM ET,CHC,14.37
SP,Joey Wentz (13095435),Joey Wentz,13095435,P,8200,ATL@MIA 08/08/2019 07:10PM ET,ATL,0
SP,Jon Gray (13094773),Jon Gray,13094773,P,8200,COL@SD 08/08/2019 10:10PM ET,COL,15.48
SP,Stephen Tarpley (13095440),Stephen Tarpley,13095440,P,8100,NYY@TOR 08/08/2019 07:07PM ET,NYY,1.65
SP,Sonny Gray (13095439),Sonny Gray,13095439,P,8100,CHC@CIN 08/08/2019 07:10PM ET,CIN,16.66
SP,Ian Anderson (13095441),Ian Anderson,13095441,P,8100,ATL@MIA 08/08/2019 07:10PM ET,ATL,0
SP,Jake Odorizzi (13095438),Jake Odorizzi,13095438,P,8100,CLE@MIN 08/08/2019 08:10PM ET,MIN,16.82
SP,Brett Kennedy (13095443),Brett Kennedy,13095443,P,8100,COL@SD 08/08/2019 10:10PM ET,SD,0
SP,Zach Eflin (13095442),Zach Eflin,13095442,P,8100,PHI@SF 08/08/2019 09:45PM ET,PHI,12.08
SP,Travis Lakins (13095446),Travis Lakins,13095446,P,8000,LAA@BOS 08/08/2019 07:10PM ET,BOS,1.26
SP,Dallas Keuchel (13094774),Dallas Keuchel,13094774,P,8000,ATL@MIA 08/08/2019 07:10PM ET,ATL,14.47
SP,Julio Teheran (13095445),Julio Teheran,13095445,P,8000,ATL@MIA 08/08/2019 07:10PM ET,ATL,14.44
SP,Jason Vargas (13095444),Jason Vargas,13095444,P,8000,PHI@SF 08/08/2019 09:45PM ET,PHI,12.53
SP,Griffin Canning (13095448),Griffin Canning,13095448,P,7900,LAA@BOS 08/08/2019 07:10PM ET,LAA,13.87
SP,JoJo Romero (13095447),JoJo Romero,13095447,P,7900,PHI@SF 08/08/2019 09:45PM ET,PHI,0
SP,Kyle Gibson (13094775),Kyle Gibson,13094775,P,7800,CLE@MIN 08/08/2019 08:10PM ET,MIN,15.77
SP,Pedro Avila (13095449),Pedro Avila,13095449,P,7800,COL@SD 08/08/2019 10:10PM ET,SD,15.8
SP,Vince Velasquez (13095450),Vince Velasquez,13095450,P,7800,PHI@SF 08/08/2019 09:45PM ET,PHI,9.18
SP,Lucas Sims (13095451),Lucas Sims,13095451,P,7700,CHC@CIN 08/08/2019 07:10PM ET,CIN,8.38
SP,Sean Newcomb (13095453),Sean Newcomb,13095453,P,7700,ATL@MIA 08/08/2019 07:10PM ET,ATL,4.35
SP,Zach Plesac (13095452),Zach Plesac,13095452,P,7700,CLE@MIN 08/08/2019 08:10PM ET,CLE,14.8
SP,Brian Johnson (13095459),Brian Johnson,13095459,P,7600,LAA@BOS 08/08/2019 07:10PM ET,BOS,2.74
SP,Sean Reid-Foley (13095455),Sean Reid-Foley,13095455,P,7600,NYY@TOR 08/08/2019 07:07PM ET,TOR,9.39
SP,Trevor Stephan (13095456),Trevor Stephan,13095456,P,7600,NYY@TOR 08/08/2019 07:07PM ET,NYY,0
SP,Alex Wood (13094776),Alex Wood,13094776,P,7600,CHC@CIN 08/08/2019 07:10PM ET,CIN,15.85
SP,Danny Salazar (13095454),Danny Salazar,13095454,P,7600,CLE@MIN 08/08/2019 08:10PM ET,CLE,4.8
SP,Stephen Gonsalves (13095458),Stephen Gonsalves,13095458,P,7600,CLE@MIN 08/08/2019 08:10PM ET,MIN,0
SP,Adonis Medina (13095457),Adonis Medina,13095457,P,7600,PHI@SF 08/08/2019 09:45PM ET,PHI,0
RP,Mike Shawaryn (13095463),Mike Shawaryn,13095463,P,7500,LAA@BOS 08/08/2019 07:10PM ET,BOS,3.84
SP,Jaime Garcia (13095462),Jaime Garcia,13095462,P,7500,CHC@CIN 08/08/2019 07:10PM ET,CHC,0
SP,Kolby Allard (13095460),Kolby Allard,13095460,P,7500,ATL@MIA 08/08/2019 07:10PM ET,ATL,0
SP,Jordan Yamamoto (13095461),Jordan Yamamoto,13095461,P,7500,ATL@MIA 08/08/2019 07:10PM ET,MIA,14.63
SP,Patrick Sandoval (13095468),Patrick Sandoval,13095468,P,7400,LAA@BOS 08/08/2019 07:10PM ET,LAA,20.25
SP,Steven Wright (13095469),Steven Wright,13095469,P,7400,LAA@BOS 08/08/2019 07:10PM ET,BOS,0.44
RP,Luis Cessa (13095470),Luis Cessa,13095470,P,7400,NYY@TOR 08/08/2019 07:07PM ET,NYY,5.20
SP,Danny Duffy (13095466),Danny Duffy,13095466,P,7400,KC@DET 08/08/2019 07:10PM ET,KC,12.64
SP,Kyle Zimmer (13095467),Kyle Zimmer,13095467,P,7400,KC@DET 08/08/2019 07:10PM ET,KC,0.52
SP,Pablo Lopez (13095464),Pablo Lopez,13095464,P,7400,ATL@MIA 08/08/2019 07:10PM ET,MIA,14.13
SP,Nick Neidert (13095465),Nick Neidert,13095465,P,7400,ATL@MIA 08/08/2019 07:10PM ET,MIA,0
SP,Clay Buchholz (13095474),Clay Buchholz,13095474,P,7300,NYY@TOR 08/08/2019 07:07PM ET,TOR,4.14
SP,J.A. Happ (13095475),J.A. Happ,13095475,P,7300,NYY@TOR 08/08/2019 07:07PM ET,NYY,10.75
SP,Kyle Wright (13095471),Kyle Wright,13095471,P,7300,ATL@MIA 08/08/2019 07:10PM ET,ATL,1.98
SP,Brandon McCarthy (13095472),Brandon McCarthy,13095472,P,7300,ATL@MIA 08/08/2019 07:10PM ET,ATL,0
SP,Touki Toussaint (13095476),Touki Toussaint,13095476,P,7300,ATL@MIA 08/08/2019 07:10PM ET,ATL,4.23
SP,Andrew Suarez (13095473),Andrew Suarez,13095473,P,7300,PHI@SF 08/08/2019 09:45PM ET,SF,2.56
RP,Sam Coonrod (13095477),Sam Coonrod,13095477,P,7300,PHI@SF 08/08/2019 09:45PM ET,SF,3.27
SP,Wei-Yin Chen (13095479),Wei-Yin Chen,13095479,P,7200,ATL@MIA 08/08/2019 07:10PM ET,MIA,2.32
SP,Josh Tomlin (13095480),Josh Tomlin,13095480,P,7200,ATL@MIA 08/08/2019 07:10PM ET,ATL,3.30
SP,Conner Menez (13095478),Conner Menez,13095478,P,7200,PHI@SF 08/08/2019 09:45PM ET,SF,11.18
SP,Huascar Ynoa (13095481),Huascar Ynoa,13095481,P,7100,ATL@MIA 08/08/2019 07:10PM ET,ATL,-1.72
SP,Rico Garcia (13095483),Rico Garcia,13095483,P,7100,COL@SD 08/08/2019 10:10PM ET,COL,0
SP,Ranger Suarez (13095482),Ranger Suarez,13095482,P,7100,PHI@SF 08/08/2019 09:45PM ET,PHI,4.12
SP,Jerad Eickhoff (13095484),Jerad Eickhoff,13095484,P,7100,PHI@SF 08/08/2019 09:45PM ET,PHI,10.37
SP,Nathan Eovaldi (13095487),Nathan Eovaldi,13095487,P,7000,LAA@BOS 08/08/2019 07:10PM ET,BOS,4.24
SP,Nick Tropeano (13095490),Nick Tropeano,13095490,P,7000,LAA@BOS 08/08/2019 07:10PM ET,LAA,1.72
SP,Vladimir Gutierrez (13095491),Vladimir Gutierrez,13095491,P,7000,CHC@CIN 08/08/2019 07:10PM ET,CIN,0
SP,Matt Moore (13095486),Matt Moore,13095486,P,7000,KC@DET 08/08/2019 07:10PM ET,DET,19.05
SP,Spencer Turnbull (13095489),Spencer Turnbull,13095489,P,7000,KC@DET 08/08/2019 07:10PM ET,DET,12.87
SP,Kyle Funkhouser (13095493),Kyle Funkhouser,13095493,P,7000,KC@DET 08/08/2019 07:10PM ET,DET,0
SP,Dietrich Enns (13095492),Dietrich Enns,13095492,P,7000,COL@SD 08/08/2019 10:10PM ET,SD,0
SP,Enyel De Los Santos (13095485),Enyel De Los Santos,13095485,P,7000,PHI@SF 08/08/2019 09:45PM ET,PHI,2.79
SP,Logan Webb (13095488),Logan Webb,13095488,P,7000,PHI@SF 08/08/2019 09:45PM ET,SF,0
SP,Darwinzon Hernandez (13095500),Darwinzon Hernandez,13095500,P,6900,LAA@BOS 08/08/2019 07:10PM ET,BOS,5.82
SP,Luis Garcia (13095510),Luis Garcia,13095510,P,6900,LAA@BOS 08/08/2019 07:10PM ET,LAA,1.81
SP,Drew Hutchison (13095498),Drew Hutchison,13095498,P,6900,NYY@TOR 08/08/2019 07:07PM ET,NYY,0
SP,Chance Adams (13095499),Chance Adams,13095499,P,6900,NYY@TOR 08/08/2019 07:07PM ET,NYY,4.19
SP,CC Sabathia (13095501),CC Sabathia,13095501,P,6900,NYY@TOR 08/08/2019 07:07PM ET,NYY,12.68
SP,Alec Mills (13095497),Alec Mills,13095497,P,6900,CHC@CIN 08/08/2019 07:10PM ET,CHC,12.22
SP,Justin Steele (13095502),Justin Steele,13095502,P,6900,CHC@CIN 08/08/2019 07:10PM ET,CHC,0
SP,Tony Santillan (13095504),Tony Santillan,13095504,P,6900,CHC@CIN 08/08/2019 07:10PM ET,CIN,0
SP,Brandon Finnegan (13095505),Brandon Finnegan,13095505,P,6900,CHC@CIN 08/08/2019 07:10PM ET,CIN,0
SP,Brad Keller (13095494),Brad Keller,13095494,P,6900,KC@DET 08/08/2019 07:10PM ET,KC,13.28
SP,Jakob Junis (13095495),Jakob Junis,13095495,P,6900,KC@DET 08/08/2019 07:10PM ET,KC,13.69
RP,Adam Conley (13095511),Adam Conley,13095511,P,6900,ATL@MIA 08/08/2019 07:10PM ET,MIA,1.69
SP,Devin Smeltzer (13095496),Devin Smeltzer,13095496,P,6900,CLE@MIN 08/08/2019 08:10PM ET,MIN,15.85
SP,Fernando Romero (13095503),Fernando Romero,13095503,P,6900,CLE@MIN 08/08/2019 08:10PM ET,MIN,1.15
SP,Jordan Stephens (13095506),Jordan Stephens,13095506,P,6900,CLE@MIN 08/08/2019 08:10PM ET,CLE,0
SP,Aaron Civale (13095507),Aaron Civale,13095507,P,6900,CLE@MIN 08/08/2019 08:10PM ET,CLE,24.8
SP,Matt Strahm (13095509),Matt Strahm,13095509,P,6900,COL@SD 08/08/2019 10:10PM ET,SD,9.39
SP,Tyler Beede (13095508),Tyler Beede,13095508,P,6900,PHI@SF 08/08/2019 09:45PM ET,SF,9.70
SP,Jacob Waguespack (13095512),Jacob Waguespack,13095512,P,6800,NYY@TOR 08/08/2019 07:07PM ET,TOR,12.43
SP,Daniel Norris (13095514),Daniel Norris,13095514,P,6800,KC@DET 08/08/2019 07:10PM ET,DET,10.3
SP,Kyle Muller (13095513),Kyle Muller,13095513,P,6800,ATL@MIA 08/08/2019 07:10PM ET,ATL,0
SP,Robbie Erlin (13095515),Robbie Erlin,13095515,P,6800,COL@SD 08/08/2019 10:10PM ET,SD,3.35
SP,Sal Romano (13095517),Sal Romano,13095517,P,6700,CHC@CIN 08/08/2019 07:10PM ET,CIN,6.35
SP,Buck Farmer (13095519),Buck Farmer,13095519,P,6700,KC@DET 08/08/2019 07:10PM ET,DET,2.78
SP,Jefry Rodriguez (13095518),Jefry Rodriguez,13095518,P,6700,CLE@MIN 08/08/2019 08:10PM ET,CLE,10.23
SP,Eric Lauer (13094777),Eric Lauer,13094777,P,6700,COL@SD 08/08/2019 10:10PM ET,SD,11.66
SP,Phil Hughes (13095516),Phil Hughes,13095516,P,6700,COL@SD 08/08/2019 10:10PM ET,SD,0
SP,Jordan Holloway (13095520),Jordan Holloway,13095520,P,6600,ATL@MIA 08/08/2019 07:10PM ET,MIA,0
SP,Logan Allen (13095521),Logan Allen,13095521,P,6600,CLE@MIN 08/08/2019 08:10PM ET,CLE,3.28
SP,Drew Smyly (13095522),Drew Smyly,13095522,P,6600,PHI@SF 08/08/2019 09:45PM ET,PHI,8.19
SP,Ryan Borucki (13095525),Ryan Borucki,13095525,P,6500,NYY@TOR 08/08/2019 07:07PM ET,TOR,-0.8
RP,Jordan Romano (13095527),Jordan Romano,13095527,P,6500,NYY@TOR 08/08/2019 07:07PM ET,TOR,6.4
SP,Max Fried (13095524),Max Fried,13095524,P,6500,ATL@MIA 08/08/2019 07:10PM ET,ATL,11.95
SP,Zack Littell (13095523),Zack Littell,13095523,P,6500,CLE@MIN 08/08/2019 08:10PM ET,MIN,3.61
SP,Cody Anderson (13095526),Cody Anderson,13095526,P,6500,CLE@MIN 08/08/2019 08:10PM ET,CLE,1.38
SP,Rick Porcello (13095530),Rick Porcello,13095530,P,6400,LAA@BOS 08/08/2019 07:10PM ET,BOS,11.56
SP,Jose Suarez (13095532),Jose Suarez,13095532,P,6400,LAA@BOS 08/08/2019 07:10PM ET,LAA,9.40
SP,Julian Merryweather (13095533),Julian Merryweather,13095533,P,6400,NYY@TOR 08/08/2019 07:07PM ET,TOR,0
SP,Adbert Alzolay (13095534),Adbert Alzolay,13095534,P,6400,CHC@CIN 08/08/2019 07:10PM ET,CHC,7.83
SP,Mike Foltynewicz (13095531),Mike Foltynewicz,13095531,P,6400,ATL@MIA 08/08/2019 07:10PM ET,ATL,10.48
SP,Adrian Morejon (13095528),Adrian Morejon,13095528,P,6400,COL@SD 08/08/2019 10:10PM ET,SD,1.44
SP,Cal Quantrill (13095529),Cal Quantrill,13095529,P,6400,COL@SD 08/08/2019 10:10PM ET,SD,11.00
SP,Ryan Weber (13095538),Ryan Weber,13095538,P,6300,LAA@BOS 08/08/2019 07:10PM ET,BOS,6.02
SP,Kendall Graveman (13095536),Kendall Graveman,13095536,P,6300,CHC@CIN 08/08/2019 07:10PM ET,CHC,0
RP,Pedro Strop (13095540),Pedro Strop,13095540,P,6300,CHC@CIN 08/08/2019 07:10PM ET,CHC,2.39
SP,Tyler Anderson (13095535),Tyler Anderson,13095535,P,6300,COL@SD 08/08/2019 10:10PM ET,COL,2.42
SP,Bryan Mitchell (13095537),Bryan Mitchell,13095537,P,6300,COL@SD 08/08/2019 10:10PM ET,SD,0
SP,Nick Margevicius (13095539),Nick Margevicius,13095539,P,6300,COL@SD 08/08/2019 10:10PM ET,SD,6.32
SP,Felix Pena (13095542),Felix Pena,13095542,P,6200,LAA@BOS 08/08/2019 07:10PM ET,LAA,12.21
SP,Jen-Ho Tseng (13095543),Jen-Ho Tseng,13095543,P,6200,CHC@CIN 08/08/2019 07:10PM ET,CHC,0
SP,Duane Underwood Jr. (13095544),Duane Underwood Jr.,13095544,P,6200,CHC@CIN 08/08/2019 07:10PM ET,CHC,16.5
SP,Jordan Zimmermann (13095546),Jordan Zimmermann,13095546,P,6200,KC@DET 08/08/2019 07:10PM ET,DET,5.64
SP,Sam Hentges (13095545),Sam Hentges,13095545,P,6200,CLE@MIN 08/08/2019 08:10PM ET,CLE,0
SP,Jake Arrieta (13095541),Jake Arrieta,13095541,P,6200,PHI@SF 08/08/2019 09:45PM ET,PHI,12.66
SP,Ryan Feierabend (13095547),Ryan Feierabend,13095547,P,6100,NYY@TOR 08/08/2019 07:07PM ET,TOR,1.02
SP,Eric Skoglund (13095548),Eric Skoglund,13095548,P,6100,KC@DET 08/08/2019 07:10PM ET,KC,0
SP,Trevor Oaks (13095549),Trevor Oaks,13095549,P,6100,KC@DET 08/08/2019 07:10PM ET,KC,0
RP,Matt Hall (13095551),Matt Hall,13095551,P,6100,KC@DET 08/08/2019 07:10PM ET,DET,4.25
SP,Martin Perez (13095550),Martin Perez,13095550,P,6100,CLE@MIN 08/08/2019 08:10PM ET,MIN,12.25
SP,Luis Madero (13095559),Luis Madero,13095559,P,6000,LAA@BOS 08/08/2019 07:10PM ET,LAA,0
SP,Patrick Murphy (13095557),Patrick Murphy,13095557,P,6000,NYY@TOR 08/08/2019 07:07PM ET,TOR,0
SP,Tyler Mahle (13095554),Tyler Mahle,13095554,P,6000,CHC@CIN 08/08/2019 07:10PM ET,CIN,12.14
SP,Oscar De La Cruz (13095555),Oscar De La Cruz,13095555,P,6000,CHC@CIN 08/08/2019 07:10PM ET,CHC,0
RP,Matt Bowman (13095560),Matt Bowman,13095560,P,6000,CHC@CIN 08/08/2019 07:10PM ET,CIN,2.34
RP,Amir Garrett (13095561),Amir Garrett,13095561,P,6000,CHC@CIN 08/08/2019 07:10PM ET,CIN,3.64
RP,Jared Hughes (13095562),Jared Hughes,13095562,P,6000,CHC@CIN 08/08/2019 07:10PM ET,CIN,2.13
SP,Tyson Ross (13095558),Tyson Ross,13095558,P,6000,KC@DET 08/08/2019 07:10PM ET,DET,7.07
SP,Sandy Alcantara (13095553),Sandy Alcantara,13095553,P,6000,ATL@MIA 08/08/2019 07:10PM ET,MIA,11.39
SP,Jorge Guzman (13095556),Jorge Guzman,13095556,P,6000,ATL@MIA 08/08/2019 07:10PM ET,MIA,0
SP,Garrett Williams (13095552),Garrett Williams,13095552,P,6000,PHI@SF 08/08/2019 09:45PM ET,SF,0
SP,Jaime Barria (13095563),Jaime Barria,13095563,P,5900,LAA@BOS 08/08/2019 07:10PM ET,LAA,9.8
SP,Sam Gaviglio (13095565),Sam Gaviglio,13095565,P,5900,NYY@TOR 08/08/2019 07:07PM ET,TOR,5.01
SP,Tyler Alexander (13095564),Tyler Alexander,13095564,P,5900,KC@DET 08/08/2019 07:10PM ET,DET,10.77
OF,Mike Trout (13094782),Mike Trout,13094782,OF,5800,LAA@BOS 08/08/2019 07:10PM ET,LAA,11.68
SP,Andrew Cashner (13095571),Andrew Cashner,13095571,P,5800,LAA@BOS 08/08/2019 07:10PM ET,BOS,11.93
SP,Albert Abreu (13095568),Albert Abreu,13095568,P,5800,NYY@TOR 08/08/2019 07:07PM ET,NYY,0
RP,Yennsy Diaz (13095577),Yennsy Diaz,13095577,P,5800,NYY@TOR 08/08/2019 07:07PM ET,TOR,-5.5
SP,Derek Holland (13095575),Derek Holland,13095575,P,5800,CHC@CIN 08/08/2019 07:10PM ET,CHC,4.29
SP,Arnaldo Hernandez (13095567),Arnaldo Hernandez,13095567,P,5800,KC@DET 08/08/2019 07:10PM ET,KC,0
SP,Logan Shore (13095570),Logan Shore,13095570,P,5800,KC@DET 08/08/2019 07:10PM ET,DET,0
SP,Gregory Soto (13095573),Gregory Soto,13095573,P,5800,KC@DET 08/08/2019 07:10PM ET,DET,2.71
RP,Nick Ramirez (13095576),Nick Ramirez,13095576,P,5800,KC@DET 08/08/2019 07:10PM ET,DET,4.81
SP,Robert Dugger (13095566),Robert Dugger,13095566,P,5800,ATL@MIA 08/08/2019 07:10PM ET,MIA,-1.35
SP,Kohl Stewart (13095569),Kohl Stewart,13095569,P,5800,CLE@MIN 08/08/2019 08:10PM ET,MIN,3.66
SP,Kyle Freeland (13095572),Kyle Freeland,13095572,P,5800,COL@SD 08/08/2019 10:10PM ET,COL,6.95
SP,Chad Bettis (13095574),Chad Bettis,13095574,P,5800,COL@SD 08/08/2019 10:10PM ET,COL,2.20
SP,Jesus Castillo (13095581),Jesus Castillo,13095581,P,5700,LAA@BOS 08/08/2019 07:10PM ET,LAA,0
RP,Matt Barnes (13095585),Matt Barnes,13095585,P,5700,LAA@BOS 08/08/2019 07:10PM ET,BOS,3.85
SP,Wilmer Font (13095579),Wilmer Font,13095579,P,5700,NYY@TOR 08/08/2019 07:07PM ET,TOR,4.86
SP,Franklin Perez (13095580),Franklin Perez,13095580,P,5700,KC@DET 08/08/2019 07:10PM ET,DET,0
RP,Trevor Rosenthal (13095582),Trevor Rosenthal,13095582,P,5700,KC@DET 08/08/2019 07:10PM ET,DET,-0.10
SP,Jose Urena (13095578),Jose Urena,13095578,P,5700,ATL@MIA 08/08/2019 07:10PM ET,MIA,10.14
RP,Patrick Weigel (13095584),Patrick Weigel,13095584,P,5700,ATL@MIA 08/08/2019 07:10PM ET,ATL,0
OF,Charlie Blackmon (13094783),Charlie Blackmon,13094783,OF,5700,COL@SD 08/08/2019 10:10PM ET,COL,10.62
RP,Will Smith (13095583),Will Smith,13095583,P,5700,PHI@SF 08/08/2019 09:45PM ET,SF,4.30
OF,Ronald Acuna Jr. (13094784),Ronald Acuna Jr.,13094784,OF,5600,ATL@MIA 08/08/2019 07:10PM ET,ATL,10.78
SP,Nick Pivetta (13095586),Nick Pivetta,13095586,P,5600,PHI@SF 08/08/2019 09:45PM ET,PHI,9.6
SP,Foster Griffin (13095588),Foster Griffin,13095588,P,5500,KC@DET 08/08/2019 07:10PM ET,KC,0
OF,Nelson Cruz (13094785),Nelson Cruz,13094785,OF,5500,CLE@MIN 08/08/2019 08:10PM ET,MIN,10.62
SP,Adam Plutko (13095587),Adam Plutko,13095587,P,5500,CLE@MIN 08/08/2019 08:10PM ET,CLE,10.86
SS,Trevor Story (13094788),Trevor Story,13094788,SS,5500,COL@SD 08/08/2019 10:10PM ET,COL,10.45
SP,Melvin Adon (13095589),Melvin Adon,13095589,P,5500,PHI@SF 08/08/2019 09:45PM ET,SF,0
3B,Rafael Devers (13094787),Rafael Devers,13094787,3B,5400,LAA@BOS 08/08/2019 07:10PM ET,BOS,10.31
SP,Trent Thornton (13095590),Trent Thornton,13095590,P,5400,NYY@TOR 08/08/2019 07:07PM ET,TOR,10.16
1B,Freddie Freeman (13094786),Freddie Freeman,13094786,1B,5400,ATL@MIA 08/08/2019 07:10PM ET,ATL,10.50
SS,Fernando Tatis Jr. (13094791),Fernando Tatis Jr.,13094791,SS,5400,COL@SD 08/08/2019 10:10PM ET,SD,10.85
RP,Wade Davis (13095591),Wade Davis,13095591,P,5400,COL@SD 08/08/2019 10:10PM ET,COL,1.71
RP,Jesus Tinoco (13095592),Jesus Tinoco,13095592,P,5400,COL@SD 08/08/2019 10:10PM ET,COL,3.34
SP,Dillon Peters (13094778),Dillon Peters,13094778,P,5300,LAA@BOS 08/08/2019 07:10PM ET,LAA,8.97
OF,J.D. Martinez (13094793),J.D. Martinez,13094793,OF,5300,LAA@BOS 08/08/2019 07:10PM ET,BOS,9.35
SS,Javier Baez (13094790),Javier Baez,13094790,SS,5300,CHC@CIN 08/08/2019 07:10PM ET,CHC,9.66
SP,Thomas Hatch (13095595),Thomas Hatch,13095595,P,5300,CHC@CIN 08/08/2019 07:10PM ET,CHC,0
SP,Chi Chi Gonzalez (13095593),Chi Chi Gonzalez,13095593,P,5300,COL@SD 08/08/2019 10:10PM ET,COL,4.65
SP,Cole Irvin (13095594),Cole Irvin,13095594,P,5300,PHI@SF 08/08/2019 09:45PM ET,PHI,5.58
SS,Xander Bogaerts (13094789),Xander Bogaerts,13094789,SS,5200,LAA@BOS 08/08/2019 07:10PM ET,BOS,10.22
OF,Mookie Betts (13094792),Mookie Betts,13094792,OF,5200,LAA@BOS 08/08/2019 07:10PM ET,BOS,9.97
RP,Dillon Maples (13095599),Dillon Maples,13095599,P,5200,CHC@CIN 08/08/2019 07:10PM ET,CHC,2.84
SP,Drew VerHagen (13095596),Drew VerHagen,13095596,P,5200,KC@DET 08/08/2019 07:10PM ET,DET,1.45
SP,Jacob Turner (13095598),Jacob Turner,13095598,P,5200,KC@DET 08/08/2019 07:10PM ET,DET,0
SP,Peter Lambert (13095597),Peter Lambert,13095597,P,5200,COL@SD 08/08/2019 10:10PM ET,COL,6.94
RP,Reyes Moronta (13095600),Reyes Moronta,13095600,P,5200,PHI@SF 08/08/2019 09:45PM ET,SF,3.91
OF,Andrew Benintendi (13094797),Andrew Benintendi,13094797,OF,5100,LAA@BOS 08/08/2019 07:10PM ET,BOS,8.93
2B/3B,DJ LeMahieu (13094795),DJ LeMahieu,13094795,2B/3B,5100,NYY@TOR 08/08/2019 07:07PM ET,NYY,9.86
RP,Tommy Kahnle (13095601),Tommy Kahnle,13095601,P,5100,NYY@TOR 08/08/2019 07:07PM ET,NYY,3.70
SS,Francisco Lindor (13094794),Francisco Lindor,13094794,SS,5100,CLE@MIN 08/08/2019 08:10PM ET,CLE,9.81
SP,Hector Velazquez (13095606),Hector Velazquez,13095606,P,5000,LAA@BOS 08/08/2019 07:10PM ET,BOS,4.03
RP,Bud Norris (13095604),Bud Norris,13095604,P,5000,NYY@TOR 08/08/2019 07:07PM ET,TOR,0
RP,Adam Ottavino (13095607),Adam Ottavino,13095607,P,5000,NYY@TOR 08/08/2019 07:07PM ET,NYY,4.06
SP,Heath Fillmyer (13095603),Heath Fillmyer,13095603,P,5000,KC@DET 08/08/2019 07:10PM ET,KC,0.24
SP,Conner Greene (13095605),Conner Greene,13095605,P,5000,KC@DET 08/08/2019 07:10PM ET,KC,0
SP,Elieser Hernandez (13094779),Elieser Hernandez,13094779,P,5000,ATL@MIA 08/08/2019 07:10PM ET,MIA,7
RP,Chase De Jong (13095609),Chase De Jong,13095609,P,5000,CLE@MIN 08/08/2019 08:10PM ET,MIN,-9.35
SP,Jeff Hoffman (13095602),Jeff Hoffman,13095602,P,5000,COL@SD 08/08/2019 10:10PM ET,COL,7.70
RP,Juan Nicasio (13095608),Juan Nicasio,13095608,P,5000,PHI@SF 08/08/2019 09:45PM ET,PHI,2.18
OF,Mike Tauchman (13094800),Mike Tauchman,13094800,OF,4900,NYY@TOR 08/08/2019 07:07PM ET,NYY,7.77
RP,Mike Zagurski (13095610),Mike Zagurski,13095610,P,4900,CHC@CIN 08/08/2019 07:10PM ET,CHC,0
C,Mitch Garver (13094799),Mitch Garver,13094799,C,4900,CLE@MIN 08/08/2019 08:10PM ET,MIN,9.5
3B,Nolan Arenado (13094801),Nolan Arenado,13094801,3B,4900,COL@SD 08/08/2019 10:10PM ET,COL,9.19
SP,Matt Harvey (13095618),Matt Harvey,13095618,P,4800,LAA@BOS 08/08/2019 07:10PM ET,LAA,6.10
SP,Nick Kingham (13095619),Nick Kingham,13095619,P,4800,NYY@TOR 08/08/2019 07:07PM ET,TOR,3.26
RP,David Hale (13095620),David Hale,13095620,P,4800,NYY@TOR 08/08/2019 07:07PM ET,NYY,4.72
OF,Kyle Schwarber (13094804),Kyle Schwarber,13094804,OF,4800,CHC@CIN 08/08/2019 07:10PM ET,CHC,7.66
SP,Jorge Lopez (13094780),Jorge Lopez,13094780,P,4800,KC@DET 08/08/2019 07:10PM ET,KC,5.45
SP,Mike Montgomery (13095612),Mike Montgomery,13095612,P,4800,KC@DET 08/08/2019 07:10PM ET,KC,2.41
3B,Josh Donaldson (13094802),Josh Donaldson,13094802,3B,4800,ATL@MIA 08/08/2019 07:10PM ET,ATL,8.77
2B,Ozzie Albies (13094803),Ozzie Albies,13094803,2B,4800,ATL@MIA 08/08/2019 07:10PM ET,ATL,8.92
SP,Hector Noesi (13095611),Hector Noesi,13095611,P,4800,ATL@MIA 08/08/2019 07:10PM ET,MIA,2.45
RP,Grant Dayton (13095614),Grant Dayton,13095614,P,4800,ATL@MIA 08/08/2019 07:10PM ET,ATL,2.90
RP,Nick Goody (13095615),Nick Goody,13095615,P,4800,CLE@MIN 08/08/2019 08:10PM ET,CLE,5.34
OF,David Dahl (13094798),David Dahl,13094798,OF,4800,COL@SD 08/08/2019 10:10PM ET,COL,8.65
1B,Daniel Murphy (13094805),Daniel Murphy,13094805,1B,4800,COL@SD 08/08/2019 10:10PM ET,COL,7.52
OF,Alex Dickerson (13094806),Alex Dickerson,13094806,OF,4800,PHI@SF 08/08/2019 09:45PM ET,SF,7.36
SP,Shaun Anderson (13095613),Shaun Anderson,13095613,P,4800,PHI@SF 08/08/2019 09:45PM ET,SF,8.25
SP,Dereck Rodriguez (13095616),Dereck Rodriguez,13095616,P,4800,PHI@SF 08/08/2019 09:45PM ET,SF,5.53
SP,Dan Straily (13095617),Dan Straily,13095617,P,4800,PHI@SF 08/08/2019 09:45PM ET,PHI,1.36
OF,Shohei Ohtani (13094809),Shohei Ohtani,13094809,OF,4700,LAA@BOS 08/08/2019 07:10PM ET,LAA,8.28
OF,Giancarlo Stanton (13094810),Giancarlo Stanton,13094810,OF,4700,NYY@TOR 08/08/2019 07:07PM ET,NYY,8
OF,Aaron Hicks (13094811),Aaron Hicks,13094811,OF,4700,NYY@TOR 08/08/2019 07:07PM ET,NYY,8.15
C,Gary Sanchez (13094812),Gary Sanchez,13094812,C,4700,NYY@TOR 08/08/2019 07:07PM ET,NYY,8.53
SS,Didi Gregorius (13094825),Didi Gregorius,13094825,SS,4700,NYY@TOR 08/08/2019 07:07PM ET,NYY,8.21
SP,Ryan Carpenter (13095625),Ryan Carpenter,13095625,P,4700,KC@DET 08/08/2019 07:10PM ET,DET,1.77
RP,Kyle Keller (13095623),Kyle Keller,13095623,P,4700,ATL@MIA 08/08/2019 07:10PM ET,MIA,2.55
OF,Max Kepler (13094808),Max Kepler,13094808,OF,4700,CLE@MIN 08/08/2019 08:10PM ET,MIN,9.69
1B,Carlos Santana (13094814),Carlos Santana,13094814,1B,4700,CLE@MIN 08/08/2019 08:10PM ET,CLE,9.14
SP,Tyler Clippard (13095621),Tyler Clippard,13095621,P,4700,CLE@MIN 08/08/2019 08:10PM ET,CLE,3.70
RP,Andrew Vasquez (13095624),Andrew Vasquez,13095624,P,4700,CLE@MIN 08/08/2019 08:10PM ET,MIN,-7.8
OF,Corey Dickerson (13094807),Corey Dickerson,13094807,OF,4700,PHI@SF 08/08/2019 09:45PM ET,PHI,7.06
RP,Dan Winkler (13095622),Dan Winkler,13095622,P,4700,PHI@SF 08/08/2019 09:45PM ET,SF,2.32
1B/2B,Michael Chavis (13094820),Michael Chavis,13094820,1B/2B,4600,LAA@BOS 08/08/2019 07:10PM ET,BOS,7.68
SP,Trevor Cahill (13095630),Trevor Cahill,13095630,P,4600,LAA@BOS 08/08/2019 07:10PM ET,LAA,5.45
RP,Ty Buttrey (13095632),Ty Buttrey,13095632,P,4600,LAA@BOS 08/08/2019 07:10PM ET,LAA,3.59
OF,Cameron Maybin (13094815),Cameron Maybin,13094815,OF,4600,NYY@TOR 08/08/2019 07:07PM ET,NYY,7.98
3B,Gio Urshela (13094816),Gio Urshela,13094816,3B,4600,NYY@TOR 08/08/2019 07:07PM ET,NYY,7.53
1B,Anthony Rizzo (13094813),Anthony Rizzo,13094813,1B,4600,CHC@CIN 08/08/2019 07:10PM ET,CHC,9.04
SP,Tyler Chatwood (13095627),Tyler Chatwood,13095627,P,4600,CHC@CIN 08/08/2019 07:10PM ET,CHC,4.91
SP,Scott Blewett (13095626),Scott Blewett,13095626,P,4600,KC@DET 08/08/2019 07:10PM ET,KC,0
SP,Sandy Baez (13095628),Sandy Baez,13095628,P,4600,KC@DET 08/08/2019 07:10PM ET,DET,-0.95
SP,Antonio Senzatela (13095633),Antonio Senzatela,13095633,P,4600,COL@SD 08/08/2019 10:10PM ET,COL,6.64
RP,Yency Almonte (13095634),Yency Almonte,13095634,P,4600,COL@SD 08/08/2019 10:10PM ET,COL,2.72
RP,Austin Davis (13095629),Austin Davis,13095629,P,4600,PHI@SF 08/08/2019 09:45PM ET,PHI,1.95
RP,Tony Watson (13095631),Tony Watson,13095631,P,4600,PHI@SF 08/08/2019 09:45PM ET,SF,2.45
RP,Justin Anderson (13095640),Justin Anderson,13095640,P,4500,LAA@BOS 08/08/2019 07:10PM ET,LAA,3.06
OF,Aaron Judge (13094817),Aaron Judge,13094817,OF,4500,NYY@TOR 08/08/2019 07:07PM ET,NYY,8.95
2B/SS,Gleyber Torres (13094818),Gleyber Torres,13094818,2B/SS,4500,NYY@TOR 08/08/2019 07:07PM ET,NYY,8.54
OF,Brett Gardner (13094822),Brett Gardner,13094822,OF,4500,NYY@TOR 08/08/2019 07:07PM ET,NYY,7.89
3B/OF,Kris Bryant (13094823),Kris Bryant,13094823,3B/OF,4500,CHC@CIN 08/08/2019 07:10PM ET,CHC,9.11
RP,Steve Cishek (13095641),Steve Cishek,13095641,P,4500,CHC@CIN 08/08/2019 07:10PM ET,CHC,2.6
1B,Brandon Dixon (13094828),Brandon Dixon,13094828,1B,4500,KC@DET 08/08/2019 07:10PM ET,DET,6.80
SS,Adalberto Mondesi (13094829),Adalberto Mondesi,13094829,SS,4500,KC@DET 08/08/2019 07:10PM ET,KC,9.54
SP,Glenn Sparkman (13095637),Glenn Sparkman,13095637,P,4500,KC@DET 08/08/2019 07:10PM ET,KC,6.16
OF,Adam Duvall (13094827),Adam Duvall,13094827,OF,4500,ATL@MIA 08/08/2019 07:10PM ET,ATL,10.33
RP,Anthony Swarzak (13095638),Anthony Swarzak,13095638,P,4500,ATL@MIA 08/08/2019 07:10PM ET,ATL,2.97
OF,Oscar Mercado (13094826),Oscar Mercado,13094826,OF,4500,CLE@MIN 08/08/2019 08:10PM ET,CLE,8.32
RP,Trevor May (13095636),Trevor May,13095636,P,4500,CLE@MIN 08/08/2019 08:10PM ET,MIN,3.12
RP,Sergio Romo (13095639),Sergio Romo,13095639,P,4500,CLE@MIN 08/08/2019 08:10PM ET,MIN,2.80
1B/OF,Jay Bruce (13094830),Jay Bruce,13094830,1B/OF,4500,PHI@SF 08/08/2019 09:45PM ET,PHI,7.98
RP,Edward Paredes (13095635),Edward Paredes,13095635,P,4500,PHI@SF 08/08/2019 09:45PM ET,PHI,0
SP,Taylor Cole (13095642),Taylor Cole,13095642,P,4400,LAA@BOS 08/08/2019 07:10PM ET,LAA,3.47
1B,Luke Voit (13094832),Luke Voit,13094832,1B,4400,NYY@TOR 08/08/2019 07:07PM ET,NYY,8.73
OF,Jason Heyward (13094835),Jason Heyward,13094835,OF,4400,CHC@CIN 08/08/2019 07:10PM ET,CHC,7.47
OF,Austin Riley (13094833),Austin Riley,13094833,OF,4400,ATL@MIA 08/08/2019 07:10PM ET,ATL,7.80
RP,Jerry Blevins (13095643),Jerry Blevins,13095643,P,4400,ATL@MIA 08/08/2019 07:10PM ET,ATL,2.33
RP,Jose Quijada (13095644),Jose Quijada,13095644,P,4400,ATL@MIA 08/08/2019 07:10PM ET,MIA,3.26
2B,Ryan McMahon (13094834),Ryan McMahon,13094834,2B,4400,COL@SD 08/08/2019 10:10PM ET,COL,7.08
3B/SS,Manny Machado (13094844),Manny Machado,13094844,3B/SS,4400,COL@SD 08/08/2019 10:10PM ET,SD,8.54
3B/OF,Scott Kingery (13094846),Scott Kingery,13094846,3B/OF,4400,PHI@SF 08/08/2019 09:45PM ET,PHI,8.25
C,Christian Vazquez (13094843),Christian Vazquez,13094843,C,4300,LAA@BOS 08/08/2019 07:10PM ET,BOS,7.11
RP,Hansel Robles (13095651),Hansel Robles,13095651,P,4300,LAA@BOS 08/08/2019 07:10PM ET,LAA,2.99
1B,Edwin Encarnacion (13094836),Edwin Encarnacion,13094836,1B,4300,NYY@TOR 08/08/2019 07:07PM ET,NYY,9.41
SS,Bo Bichette (13094849),Bo Bichette,13094849,SS,4300,NYY@TOR 08/08/2019 07:07PM ET,TOR,12.4
SP,Chad Green (13095645),Chad Green,13095645,P,4300,NYY@TOR 08/08/2019 07:07PM ET,NYY,3.45
RP,Jason Adam (13095648),Jason Adam,13095648,P,4300,NYY@TOR 08/08/2019 07:07PM ET,TOR,2.78
RP,Tim Mayza (13095650),Tim Mayza,13095650,P,4300,NYY@TOR 08/08/2019 07:07PM ET,TOR,2.27
3B,Eugenio Suarez (13094837),Eugenio Suarez,13094837,3B,4300,CHC@CIN 08/08/2019 07:10PM ET,CIN,8.47
RP,Thomas Burrows (13095647),Thomas Burrows,13095647,P,4300,ATL@MIA 08/08/2019 07:10PM ET,ATL,0
3B,Jose Ramirez (13094840),Jose Ramirez,13094840,3B,4300,CLE@MIN 08/08/2019 08:10PM ET,CLE,8.40
3B,Miguel Sano (13094842),Miguel Sano,13094842,3B,4300,CLE@MIN 08/08/2019 08:10PM ET,MIN,9.02
OF,Byron Buxton (13094848),Byron Buxton,13094848,OF,4300,CLE@MIN 08/08/2019 08:10PM ET,MIN,8.08
2B,Jason Kipnis (13094859),Jason Kipnis,13094859,2B,4300,CLE@MIN 08/08/2019 08:10PM ET,CLE,7.31
1B,Eric Hosmer (13094838),Eric Hosmer,13094838,1B,4300,COL@SD 08/08/2019 10:10PM ET,SD,7.76
OF,Ian Desmond (13094839),Ian Desmond,13094839,OF,4300,COL@SD 08/08/2019 10:10PM ET,COL,6.81
OF,Hunter Renfroe (13094841),Hunter Renfroe,13094841,OF,4300,COL@SD 08/08/2019 10:10PM ET,SD,7.58
RP,James Pazos (13095646),James Pazos,13095646,P,4300,PHI@SF 08/08/2019 09:45PM ET,PHI,0
RP,Blake Parker (13095649),Blake Parker,13095649,P,4300,PHI@SF 08/08/2019 09:45PM ET,PHI,2.54
RP,Keynan Middleton (13095655),Keynan Middleton,13095655,P,4200,LAA@BOS 08/08/2019 07:10PM ET,LAA,0
RP,Sam Freeman (13095657),Sam Freeman,13095657,P,4200,LAA@BOS 08/08/2019 07:10PM ET,LAA,-0.5
RP,John Curtiss (13095658),John Curtiss,13095658,P,4200,LAA@BOS 08/08/2019 07:10PM ET,LAA,2.25
SP,Thomas Pannone (13094781),Thomas Pannone,13094781,P,4200,NYY@TOR 08/08/2019 07:07PM ET,TOR,4.59
OF,Lourdes Gurriel Jr. (13094853),Lourdes Gurriel Jr.,13094853,OF,4200,NYY@TOR 08/08/2019 07:07PM ET,TOR,8.83
2B,Cavan Biggio (13094854),Cavan Biggio,13094854,2B,4200,NYY@TOR 08/08/2019 07:07PM ET,TOR,8.08
3B,Vladimir Guerrero Jr. (13094857),Vladimir Guerrero Jr.,13094857,3B,4200,NYY@TOR 08/08/2019 07:07PM ET,TOR,7.64
SP,Clayton Richard (13095654),Clayton Richard,13095654,P,4200,NYY@TOR 08/08/2019 07:07PM ET,TOR,4.5
OF,Nicholas Castellanos (13094858),Nicholas Castellanos,13094858,OF,4200,CHC@CIN 08/08/2019 07:10PM ET,CHC,7.70
OF/SS,Niko Goodrum (13094850),Niko Goodrum,13094850,SS/OF,4200,KC@DET 08/08/2019 07:10PM ET,DET,7.54
OF,Jorge Soler (13094860),Jorge Soler,13094860,OF,4200,KC@DET 08/08/2019 07:10PM ET,KC,8.43
SP,Edwin Jackson (13095653),Edwin Jackson,13095653,P,4200,KC@DET 08/08/2019 07:10PM ET,DET,-0.33
1B/OF,Charlie Culberson (13094864),Charlie Culberson,13094864,1B/OF,4200,ATL@MIA 08/08/2019 07:10PM ET,ATL,2.46
OF,Eddie Rosario (13094852),Eddie Rosario,13094852,OF,4200,CLE@MIN 08/08/2019 08:10PM ET,MIN,9.12
OF,Yasiel Puig (13094863),Yasiel Puig,13094863,OF,4200,CLE@MIN 08/08/2019 08:10PM ET,CLE,8.13
OF,Franchy Cordero (13094866),Franchy Cordero,13094866,OF,4200,COL@SD 08/08/2019 10:10PM ET,SD,4
SP,Ryan Castellani (13095656),Ryan Castellani,13095656,P,4200,COL@SD 08/08/2019 10:10PM ET,COL,0
RP,Carlos Estevez (13095659),Carlos Estevez,13095659,P,4200,COL@SD 08/08/2019 10:10PM ET,COL,2.92
C,J.T. Realmuto (13094856),J.T. Realmuto,13094856,C,4200,PHI@SF 08/08/2019 09:45PM ET,PHI,7.54
1B,Rhys Hoskins (13094861),Rhys Hoskins,13094861,1B,4200,PHI@SF 08/08/2019 09:45PM ET,PHI,8.69
OF,Bryce Harper (13094862),Bryce Harper,13094862,OF,4200,PHI@SF 08/08/2019 09:45PM ET,PHI,8.74
SP,Jose Alvarez (13095652),Jose Alvarez,13095652,P,4200,PHI@SF 08/08/2019 09:45PM ET,PHI,2.54
1B,Mitch Moreland (13094855),Mitch Moreland,13094855,1B,4100,LAA@BOS 08/08/2019 07:10PM ET,BOS,7.4
OF,Brian Goodwin (13094871),Brian Goodwin,13094871,OF,4100,LAA@BOS 08/08/2019 07:10PM ET,LAA,6.18
OF,Kole Calhoun (13094872),Kole Calhoun,13094872,OF,4100,LAA@BOS 08/08/2019 07:10PM ET,LAA,7.95
SP,Noe Ramirez (13095661),Noe Ramirez,13095661,P,4100,LAA@BOS 08/08/2019 07:10PM ET,LAA,5.14
RP,Brandon Workman (13095667),Brandon Workman,13095667,P,4100,LAA@BOS 08/08/2019 07:10PM ET,BOS,4.44
C,Austin Romine (13094873),Austin Romine,13094873,C,4100,NYY@TOR 08/08/2019 07:07PM ET,NYY,5.88
SP,Jonathan Holder (13095660),Jonathan Holder,13095660,P,4100,NYY@TOR 08/08/2019 07:07PM ET,NYY,3.34
RP,Danny Barnes (13095663),Danny Barnes,13095663,P,4100,NYY@TOR 08/08/2019 07:07PM ET,TOR,0
OF,Jesse Winker (13094877),Jesse Winker,13094877,OF,4100,CHC@CIN 08/08/2019 07:10PM ET,CIN,6.28
OF,Ian Happ (13094878),Ian Happ,13094878,OF,4100,CHC@CIN 08/08/2019 07:10PM ET,CHC,6.17
2B/OF,Whit Merrifield (13094874),Whit Merrifield,13094874,2B/OF,4100,KC@DET 08/08/2019 07:10PM ET,KC,9.16
SS,Dansby Swanson (13094867),Dansby Swanson,13094867,SS,4100,ATL@MIA 08/08/2019 07:10PM ET,ATL,8.39
3B/OF,Brian Anderson (13094868),Brian Anderson,13094868,3B/OF,4100,ATL@MIA 08/08/2019 07:10PM ET,MIA,7.33
SP,Ryne Stanek (13095669),Ryne Stanek,13095669,P,4100,ATL@MIA 08/08/2019 07:10PM ET,MIA,4.06
SS,Jorge Polanco (13094876),Jorge Polanco,13094876,SS,4100,CLE@MIN 08/08/2019 08:10PM ET,MIN,8.95
2B/SS,Max Moroff (13094879),Max Moroff,13094879,2B/SS,4100,CLE@MIN 08/08/2019 08:10PM ET,CLE,2.2
RP,Justin Grimm (13095664),Justin Grimm,13095664,P,4100,CLE@MIN 08/08/2019 08:10PM ET,CLE,0
RP,Ben Taylor (13095665),Ben Taylor,13095665,P,4100,CLE@MIN 08/08/2019 08:10PM ET,CLE,0
SP,Pat Dean (13095666),Pat Dean,13095666,P,4100,CLE@MIN 08/08/2019 08:10PM ET,MIN,0
RP,Ryne Harper (13095668),Ryne Harper,13095668,P,4100,CLE@MIN 08/08/2019 08:10PM ET,MIN,2.83
OF,Raimel Tapia (13094870),Raimel Tapia,13094870,OF,4100,COL@SD 08/08/2019 10:10PM ET,COL,5.66
RP,Steven Okert (13095662),Steven Okert,13095662,P,4100,PHI@SF 08/08/2019 09:45PM ET,SF,0
SP,Jake Thompson (13095677),Jake Thompson,13095677,P,4000,LAA@BOS 08/08/2019 07:10PM ET,BOS,0
SP,Kutter Crawford (13095678),Kutter Crawford,13095678,P,4000,LAA@BOS 08/08/2019 07:10PM ET,BOS,0
SP,Jhonathan Diaz (13095679),Jhonathan Diaz,13095679,P,4000,LAA@BOS 08/08/2019 07:10PM ET,BOS,0
SP,Josh Smith (13095680),Josh Smith,13095680,P,4000,LAA@BOS 08/08/2019 07:10PM ET,BOS,4.30
SP,Luke Bard (13095683),Luke Bard,13095683,P,4000,LAA@BOS 08/08/2019 07:10PM ET,LAA,2.62
RP,Adam McCreery (13095699),Adam McCreery,13095699,P,4000,LAA@BOS 08/08/2019 07:10PM ET,LAA,0
RP,Jim Johnson (13095708),Jim Johnson,13095708,P,4000,LAA@BOS 08/08/2019 07:10PM ET,LAA,0
RP,Durbin Feltman (13095715),Durbin Feltman,13095715,P,4000,LAA@BOS 08/08/2019 07:10PM ET,BOS,0
RP,Dan Runzler (13095716),Dan Runzler,13095716,P,4000,LAA@BOS 08/08/2019 07:10PM ET,BOS,0
RP,Brian Ellington (13095717),Brian Ellington,13095717,P,4000,LAA@BOS 08/08/2019 07:10PM ET,BOS,0
RP,Greg Mahle (13095720),Greg Mahle,13095720,P,4000,LAA@BOS 08/08/2019 07:10PM ET,LAA,0
RP,Deck McGuire (13095732),Deck McGuire,13095732,P,4000,LAA@BOS 08/08/2019 07:10PM ET,LAA,0
RP,William Cuevas (13095736),William Cuevas,13095736,P,4000,LAA@BOS 08/08/2019 07:10PM ET,BOS,0
RP,Denyi Reyes (13095774),Denyi Reyes,13095774,P,4000,LAA@BOS 08/08/2019 07:10PM ET,BOS,0
RP,Bobby Poyner (13095786),Bobby Poyner,13095786,P,4000,LAA@BOS 08/08/2019 07:10PM ET,BOS,-2.93
RP,Josh Taylor (13095789),Josh Taylor,13095789,P,4000,LAA@BOS 08/08/2019 07:10PM ET,BOS,3.26
RP,Erasmo Ramirez (13095800),Erasmo Ramirez,13095800,P,4000,LAA@BOS 08/08/2019 07:10PM ET,BOS,-2.85
RP,Marcus Walden (13095803),Marcus Walden,13095803,P,4000,LAA@BOS 08/08/2019 07:10PM ET,BOS,3.93
RP,JC Ramirez (13095807),JC Ramirez,13095807,P,4000,LAA@BOS 08/08/2019 07:10PM ET,LAA,6.3
RP,Jake Jewell (13095810),Jake Jewell,13095810,P,4000,LAA@BOS 08/08/2019 07:10PM ET,LAA,2.68
OF,Clint Frazier (13094883),Clint Frazier,13094883,OF,4000,NYY@TOR 08/08/2019 07:07PM ET,NYY,7.81
OF,Billy McKinney (13094902),Billy McKinney,13094902,OF,4000,NYY@TOR 08/08/2019 07:07PM ET,TOR,5.80
SP,Derek Law (13095682),Derek Law,13095682,P,4000,NYY@TOR 08/08/2019 07:07PM ET,TOR,2.72
RP,Rex Brothers (13095686),Rex Brothers,13095686,P,4000,NYY@TOR 08/08/2019 07:07PM ET,NYY,0
RP,Danny Coulombe (13095687),Danny Coulombe,13095687,P,4000,NYY@TOR 08/08/2019 07:07PM ET,NYY,0
RP,Danny Farquhar (13095688),Danny Farquhar,13095688,P,4000,NYY@TOR 08/08/2019 07:07PM ET,NYY,0
RP,John Axford (13095689),John Axford,13095689,P,4000,NYY@TOR 08/08/2019 07:07PM ET,TOR,0
RP,David Paulino (13095691),David Paulino,13095691,P,4000,NYY@TOR 08/08/2019 07:07PM ET,TOR,0
RP,Aroldis Chapman (13095703),Aroldis Chapman,13095703,P,4000,NYY@TOR 08/08/2019 07:07PM ET,NYY,3.90
RP,Mark Leiter Jr. (13095705),Mark Leiter Jr.,13095705,P,4000,NYY@TOR 08/08/2019 07:07PM ET,TOR,0
RP,Domingo Acevedo (13095713),Domingo Acevedo,13095713,P,4000,NYY@TOR 08/08/2019 07:07PM ET,NYY,0
RP,Ken Giles (13095721),Ken Giles,13095721,P,4000,NYY@TOR 08/08/2019 07:07PM ET,TOR,4.67
RP,Hector Perez (13095722),Hector Perez,13095722,P,4000,NYY@TOR 08/08/2019 07:07PM ET,TOR,0
RP,Jake Barrett (13095726),Jake Barrett,13095726,P,4000,NYY@TOR 08/08/2019 07:07PM ET,NYY,-0.28
RP,Nestor Cortes Jr. (13095729),Nestor Cortes Jr.,13095729,P,4000,NYY@TOR 08/08/2019 07:07PM ET,NYY,6.67
RP,Buddy Boshers (13095749),Buddy Boshers,13095749,P,4000,NYY@TOR 08/08/2019 07:07PM ET,TOR,2.14
RP,Shawn Morimando (13095763),Shawn Morimando,13095763,P,4000,NYY@TOR 08/08/2019 07:07PM ET,TOR,0
RP,Dan Jennings (13095764),Dan Jennings,13095764,P,4000,NYY@TOR 08/08/2019 07:07PM ET,NYY,1.11
RP,Brock Stewart (13095781),Brock Stewart,13095781,P,4000,NYY@TOR 08/08/2019 07:07PM ET,TOR,2.1
RP,Zack Britton (13095787),Zack Britton,13095787,P,4000,NYY@TOR 08/08/2019 07:07PM ET,NYY,2.69
RP,Justin Shafer (13095788),Justin Shafer,13095788,P,4000,NYY@TOR 08/08/2019 07:07PM ET,TOR,3.58
C,Willson Contreras (13094881),Willson Contreras,13094881,C,4000,CHC@CIN 08/08/2019 07:10PM ET,CHC,8.12
OF,Nick Senzel (13094885),Nick Senzel,13094885,OF,4000,CHC@CIN 08/08/2019 07:10PM ET,CIN,7.92
C,Victor Caratini (13094891),Victor Caratini,13094891,C,4000,CHC@CIN 08/08/2019 07:10PM ET,CHC,5.30
1B,Joey Votto (13094892),Joey Votto,13094892,1B,4000,CHC@CIN 08/08/2019 07:10PM ET,CIN,7.10
2B/3B,David Bote (13094893),David Bote,13094893,2B/3B,4000,CHC@CIN 08/08/2019 07:10PM ET,CHC,5.44
1B/2B,Derek Dietrich (13094899),Derek Dietrich,13094899,1B/2B,4000,CHC@CIN 08/08/2019 07:10PM ET,CIN,5.78
SP,David Phelps (13095672),David Phelps,13095672,P,4000,CHC@CIN 08/08/2019 07:10PM ET,CHC,2.51
SP,Tim Adleman (13095675),Tim Adleman,13095675,P,4000,CHC@CIN 08/08/2019 07:10PM ET,CIN,0
RP,Ian Krol (13095695),Ian Krol,13095695,P,4000,CHC@CIN 08/08/2019 07:10PM ET,CIN,0
RP,Alberto Baldonado (13095709),Alberto Baldonado,13095709,P,4000,CHC@CIN 08/08/2019 07:10PM ET,CHC,0
RP,George Kontos (13095711),George Kontos,13095711,P,4000,CHC@CIN 08/08/2019 07:10PM ET,CHC,0
RP,Rob Scahill (13095712),Rob Scahill,13095712,P,4000,CHC@CIN 08/08/2019 07:10PM ET,CHC,0
RP,Junichi Tazawa (13095714),Junichi Tazawa,13095714,P,4000,CHC@CIN 08/08/2019 07:10PM ET,CHC,0
RP,Carlos Ramirez (13095723),Carlos Ramirez,13095723,P,4000,CHC@CIN 08/08/2019 07:10PM ET,CHC,0
RP,Rob Zastryzny (13095724),Rob Zastryzny,13095724,P,4000,CHC@CIN 08/08/2019 07:10PM ET,CHC,0
RP,Jackson Stephens (13095725),Jackson Stephens,13095725,P,4000,CHC@CIN 08/08/2019 07:10PM ET,CIN,0
SP,Ian Clarkin (13095734),Ian Clarkin,13095734,P,4000,CHC@CIN 08/08/2019 07:10PM ET,CHC,0
RP,Brian Duensing (13095742),Brian Duensing,13095742,P,4000,CHC@CIN 08/08/2019 07:10PM ET,CHC,0
RP,Jimmy Herget (13095744),Jimmy Herget,13095744,P,4000,CHC@CIN 08/08/2019 07:10PM ET,CIN,-0.65
RP,Keury Mella (13095746),Keury Mella,13095746,P,4000,CHC@CIN 08/08/2019 07:10PM ET,CIN,0
RP,Christian Bergman (13095753),Christian Bergman,13095753,P,4000,CHC@CIN 08/08/2019 07:10PM ET,CHC,0
RP,Rowan Wick (13095757),Rowan Wick,13095757,P,4000,CHC@CIN 08/08/2019 07:10PM ET,CHC,4.04
RP,Raisel Iglesias (13095762),Raisel Iglesias,13095762,P,4000,CHC@CIN 08/08/2019 07:10PM ET,CIN,3.43
RP,James Norwood (13095770),James Norwood,13095770,P,4000,CHC@CIN 08/08/2019 07:10PM ET,CHC,3.65
RP,Jesus Reyes (13095780),Jesus Reyes,13095780,P,4000,CHC@CIN 08/08/2019 07:10PM ET,CIN,0
RP,Ruben Alaniz (13095784),Ruben Alaniz,13095784,P,4000,CHC@CIN 08/08/2019 07:10PM ET,CIN,-1.35
RP,Tim Collins (13095785),Tim Collins,13095785,P,4000,CHC@CIN 08/08/2019 07:10PM ET,CHC,1.59
RP,David Hernandez (13095799),David Hernandez,13095799,P,4000,CHC@CIN 08/08/2019 07:10PM ET,CIN,2.14
RP,Kyle Ryan (13095802),Kyle Ryan,13095802,P,4000,CHC@CIN 08/08/2019 07:10PM ET,CHC,2.63
RP,Allen Webster (13095805),Allen Webster,13095805,P,4000,CHC@CIN 08/08/2019 07:10PM ET,CHC,1.56
RP,Michael Lorenzen (13095813),Michael Lorenzen,13095813,P,4000,CHC@CIN 08/08/2019 07:10PM ET,CIN,2.37
3B,Hunter Dozier (13094886),Hunter Dozier,13094886,3B,4000,KC@DET 08/08/2019 07:10PM ET,KC,8.71
SP,Casey Mize (13095671),Casey Mize,13095671,P,4000,KC@DET 08/08/2019 07:10PM ET,DET,0
SP,Brian Flynn (13095684),Brian Flynn,13095684,P,4000,KC@DET 08/08/2019 07:10PM ET,KC,4.47
SP,Ian Kennedy (13095685),Ian Kennedy,13095685,P,4000,KC@DET 08/08/2019 07:10PM ET,KC,3.15
RP,Louis Coleman (13095696),Louis Coleman,13095696,P,4000,KC@DET 08/08/2019 07:10PM ET,DET,0
RP,Eduardo Paredes (13095727),Eduardo Paredes,13095727,P,4000,KC@DET 08/08/2019 07:10PM ET,DET,0
RP,Joe Jimenez (13095745),Joe Jimenez,13095745,P,4000,KC@DET 08/08/2019 07:10PM ET,DET,2.93
RP,Scott Barlow (13095754),Scott Barlow,13095754,P,4000,KC@DET 08/08/2019 07:10PM ET,KC,3.59
RP,Andres Machado (13095759),Andres Machado,13095759,P,4000,KC@DET 08/08/2019 07:10PM ET,KC,0
RP,Tim Hill (13095765),Tim Hill,13095765,P,4000,KC@DET 08/08/2019 07:10PM ET,KC,1.64
RP,Jake Newberry (13095768),Jake Newberry,13095768,P,4000,KC@DET 08/08/2019 07:10PM ET,KC,3.03
RP,Jose Fernandez (13095773),Jose Fernandez,13095773,P,4000,KC@DET 08/08/2019 07:10PM ET,DET,-2.24
RP,Jose Cisnero (13095775),Jose Cisnero,13095775,P,4000,KC@DET 08/08/2019 07:10PM ET,DET,3.04
RP,Austin Adams (13095792),Austin Adams,13095792,P,4000,KC@DET 08/08/2019 07:10PM ET,DET,1.39
RP,Zac Reininger (13095794),Zac Reininger,13095794,P,4000,KC@DET 08/08/2019 07:10PM ET,DET,0.01
RP,Eduardo Jimenez (13095798),Eduardo Jimenez,13095798,P,4000,KC@DET 08/08/2019 07:10PM ET,DET,1.98
RP,Blaine Hardy (13095801),Blaine Hardy,13095801,P,4000,KC@DET 08/08/2019 07:10PM ET,DET,2.24
RP,Kevin McCarthy (13095808),Kevin McCarthy,13095808,P,4000,KC@DET 08/08/2019 07:10PM ET,KC,1.46
3B/OF,Jon Berti (13094889),Jon Berti,13094889,3B/OF,4000,ATL@MIA 08/08/2019 07:10PM ET,MIA,6.48
OF,Ender Inciarte (13094898),Ender Inciarte,13094898,OF,4000,ATL@MIA 08/08/2019 07:10PM ET,ATL,5.84
RP,R.J. Alvarez (13095692),R.J. Alvarez,13095692,P,4000,ATL@MIA 08/08/2019 07:10PM ET,MIA,0
RP,Ben Rowen (13095702),Ben Rowen,13095702,P,4000,ATL@MIA 08/08/2019 07:10PM ET,ATL,0
RP,Ben Meyer (13095718),Ben Meyer,13095718,P,4000,ATL@MIA 08/08/2019 07:10PM ET,MIA,0
RP,Luke Jackson (13095740),Luke Jackson,13095740,P,4000,ATL@MIA 08/08/2019 07:10PM ET,ATL,3.77
RP,Jacob Webb (13095751),Jacob Webb,13095751,P,4000,ATL@MIA 08/08/2019 07:10PM ET,ATL,3.13
RP,Tyler Kinley (13095756),Tyler Kinley,13095756,P,4000,ATL@MIA 08/08/2019 07:10PM ET,MIA,2.57
RP,Mark Melancon (13095766),Mark Melancon,13095766,P,4000,ATL@MIA 08/08/2019 07:10PM ET,ATL,3.05
RP,Chris Martin (13095777),Chris Martin,13095777,P,4000,ATL@MIA 08/08/2019 07:10PM ET,ATL,3.13
RP,Shane Greene (13095783),Shane Greene,13095783,P,4000,ATL@MIA 08/08/2019 07:10PM ET,ATL,3.38
RP,Jeff Brigham (13095795),Jeff Brigham,13095795,P,4000,ATL@MIA 08/08/2019 07:10PM ET,MIA,4.6
RP,Brett Graves (13095797),Brett Graves,13095797,P,4000,ATL@MIA 08/08/2019 07:10PM ET,MIA,0
RP,Tayron Guerrero (13095804),Tayron Guerrero,13095804,P,4000,ATL@MIA 08/08/2019 07:10PM ET,MIA,1.88
RP,Jarlin Garcia (13095811),Jarlin Garcia,13095811,P,4000,ATL@MIA 08/08/2019 07:10PM ET,MIA,3.10
OF,Jordan Luplow (13094882),Jordan Luplow,13094882,OF,4000,CLE@MIN 08/08/2019 08:10PM ET,CLE,6.38
SP,Hunter Wood (13095676),Hunter Wood,13095676,P,4000,CLE@MIN 08/08/2019 08:10PM ET,CLE,4.4
SP,Kyle Dowdy (13095681),Kyle Dowdy,13095681,P,4000,CLE@MIN 08/08/2019 08:10PM ET,CLE,2.25
RP,Gabriel Moya (13095694),Gabriel Moya,13095694,P,4000,CLE@MIN 08/08/2019 08:10PM ET,MIN,0
RP,Preston Guilmet (13095701),Preston Guilmet,13095701,P,4000,CLE@MIN 08/08/2019 08:10PM ET,MIN,0
RP,Zack Weiss (13095707),Zack Weiss,13095707,P,4000,CLE@MIN 08/08/2019 08:10PM ET,MIN,0
RP,Chih-Wei Hu (13095730),Chih-Wei Hu,13095730,P,4000,CLE@MIN 08/08/2019 08:10PM ET,CLE,0
RP,Taylor Rogers (13095733),Taylor Rogers,13095733,P,4000,CLE@MIN 08/08/2019 08:10PM ET,MIN,4.54
RP,Brad Hand (13095737),Brad Hand,13095737,P,4000,CLE@MIN 08/08/2019 08:10PM ET,CLE,4.44
RP,Oliver Perez (13095739),Oliver Perez,13095739,P,4000,CLE@MIN 08/08/2019 08:10PM ET,CLE,2.29
RP,Jean Carlos Mejia (13095743),Jean Carlos Mejia,13095743,P,4000,CLE@MIN 08/08/2019 08:10PM ET,CLE,0
RP,Carlos Torres (13095747),Carlos Torres,13095747,P,4000,CLE@MIN 08/08/2019 08:10PM ET,MIN,3.22
RP,Tyler Duffey (13095750),Tyler Duffey,13095750,P,4000,CLE@MIN 08/08/2019 08:10PM ET,MIN,3.60
RP,Nick Wittgren (13095769),Nick Wittgren,13095769,P,4000,CLE@MIN 08/08/2019 08:10PM ET,CLE,3.93
RP,A.J. Cole (13095779),A.J. Cole,13095779,P,4000,CLE@MIN 08/08/2019 08:10PM ET,CLE,3.40
RP,Adam Cimber (13095812),Adam Cimber,13095812,P,4000,CLE@MIN 08/08/2019 08:10PM ET,CLE,2.4
1B,Josh Fuentes (13094901),Josh Fuentes,13094901,1B,4000,COL@SD 08/08/2019 10:10PM ET,COL,1.11
SP,Anderson Espinoza (13095673),Anderson Espinoza,13095673,P,4000,COL@SD 08/08/2019 10:10PM ET,SD,0
RP,Ben Bowden (13095693),Ben Bowden,13095693,P,4000,COL@SD 08/08/2019 10:10PM ET,COL,0
SP,Luis Perdomo (13095697),Luis Perdomo,13095697,P,4000,COL@SD 08/08/2019 10:10PM ET,SD,3.75
RP,Kyle McGrath (13095700),Kyle McGrath,13095700,P,4000,COL@SD 08/08/2019 10:10PM ET,SD,0
RP,Kazuhisa Makita (13095704),Kazuhisa Makita,13095704,P,4000,COL@SD 08/08/2019 10:10PM ET,SD,0
RP,Kirby Yates (13095710),Kirby Yates,13095710,P,4000,COL@SD 08/08/2019 10:10PM ET,SD,4.81
RP,Justin Lawrence (13095719),Justin Lawrence,13095719,P,4000,COL@SD 08/08/2019 10:10PM ET,COL,0
RP,Eric Stout (13095731),Eric Stout,13095731,P,4000,COL@SD 08/08/2019 10:10PM ET,SD,0
RP,Ryan Bollinger (13095741),Ryan Bollinger,13095741,P,4000,COL@SD 08/08/2019 10:10PM ET,SD,0
RP,Joseph Harvey (13095752),Joseph Harvey,13095752,P,4000,COL@SD 08/08/2019 10:10PM ET,COL,3.01
RP,Jake McGee (13095755),Jake McGee,13095755,P,4000,COL@SD 08/08/2019 10:10PM ET,COL,2.51
RP,Trey Wingenter (13095758),Trey Wingenter,13095758,P,4000,COL@SD 08/08/2019 10:10PM ET,SD,3.34
RP,Andres Munoz (13095767),Andres Munoz,13095767,P,4000,COL@SD 08/08/2019 10:10PM ET,SD,4.22
RP,Michel Baez (13095771),Michel Baez,13095771,P,4000,COL@SD 08/08/2019 10:10PM ET,SD,4.69
RP,Scott Oberg (13095776),Scott Oberg,13095776,P,4000,COL@SD 08/08/2019 10:10PM ET,COL,4.27
RP,Rayan Gonzalez (13095782),Rayan Gonzalez,13095782,P,4000,COL@SD 08/08/2019 10:10PM ET,COL,0
RP,Jairo Diaz (13095796),Jairo Diaz,13095796,P,4000,COL@SD 08/08/2019 10:10PM ET,COL,2.96
RP,Sam Howard (13095806),Sam Howard,13095806,P,4000,COL@SD 08/08/2019 10:10PM ET,COL,1.76
RP,Craig Stammen (13095809),Craig Stammen,13095809,P,4000,COL@SD 08/08/2019 10:10PM ET,SD,3.05
RP,Bryan Shaw (13095814),Bryan Shaw,13095814,P,4000,COL@SD 08/08/2019 10:10PM ET,COL,2.13
OF,Mike Yastrzemski (13094884),Mike Yastrzemski,13094884,OF,4000,PHI@SF 08/08/2019 09:45PM ET,SF,7.27
2B/SS,Donovan Solano (13094887),Donovan Solano,13094887,2B/SS,4000,PHI@SF 08/08/2019 09:45PM ET,SF,5.29
1B/3B,Pablo Sandoval (13094895),Pablo Sandoval,13094895,1B/3B,4000,PHI@SF 08/08/2019 09:45PM ET,SF,5.37
3B,Evan Longoria (13094897),Evan Longoria,13094897,3B,4000,PHI@SF 08/08/2019 09:45PM ET,SF,6.58
1B/OF,Tyler Austin (13094903),Tyler Austin,13094903,1B/OF,4000,PHI@SF 08/08/2019 09:45PM ET,SF,3.79
SP,Jose Lopez (13095670),Jose Lopez,13095670,P,4000,PHI@SF 08/08/2019 09:45PM ET,SF,0
SP,Nick Vincent (13095674),Nick Vincent,13095674,P,4000,PHI@SF 08/08/2019 09:45PM ET,SF,3.49
RP,Pedro Beato (13095690),Pedro Beato,13095690,P,4000,PHI@SF 08/08/2019 09:45PM ET,PHI,0
RP,Jeremy Bleich (13095698),Jeremy Bleich,13095698,P,4000,PHI@SF 08/08/2019 09:45PM ET,PHI,0
RP,Dan Slania (13095706),Dan Slania,13095706,P,4000,PHI@SF 08/08/2019 09:45PM ET,SF,0
RP,Hector Neris (13095728),Hector Neris,13095728,P,4000,PHI@SF 08/08/2019 09:45PM ET,PHI,3.64
RP,Victor Arano (13095735),Victor Arano,13095735,P,4000,PHI@SF 08/08/2019 09:45PM ET,PHI,7.37
RP,Casey Kelly (13095738),Casey Kelly,13095738,P,4000,PHI@SF 08/08/2019 09:45PM ET,SF,0
RP,Pat Venditte (13095748),Pat Venditte,13095748,P,4000,PHI@SF 08/08/2019 09:45PM ET,SF,-2.95
RP,Yacksel Rios (13095760),Yacksel Rios,13095760,P,4000,PHI@SF 08/08/2019 09:45PM ET,PHI,-1
RP,Trevor Gott (13095761),Trevor Gott,13095761,P,4000,PHI@SF 08/08/2019 09:45PM ET,SF,3.85
RP,Jandel Gustave (13095772),Jandel Gustave,13095772,P,4000,PHI@SF 08/08/2019 09:45PM ET,SF,3.97
RP,Williams Jerez (13095778),Williams Jerez,13095778,P,4000,PHI@SF 08/08/2019 09:45PM ET,SF,3.11
RP,Mike Morin (13095790),Mike Morin,13095790,P,4000,PHI@SF 08/08/2019 09:45PM ET,PHI,2.02
RP,Edgar Garcia (13095791),Edgar Garcia,13095791,P,4000,PHI@SF 08/08/2019 09:45PM ET,PHI,2.31
RP,Drew Anderson (13095793),Drew Anderson,13095793,P,4000,PHI@SF 08/08/2019 09:45PM ET,PHI,4.15
1B,Albert Pujols (13094905),Albert Pujols,13094905,1B,3900,LAA@BOS 08/08/2019 07:10PM ET,LAA,7.28
3B/SS,David Fletcher (13094910),David Fletcher,13094910,3B/SS,3900,LAA@BOS 08/08/2019 07:10PM ET,LAA,6.93
1B,Mike Ford (13094912),Mike Ford,13094912,1B,3900,NYY@TOR 08/08/2019 07:07PM ET,NYY,6.2
2B/SS,Thairo Estrada (13094914),Thairo Estrada,13094914,2B/SS,3900,NYY@TOR 08/08/2019 07:07PM ET,NYY,5.08
OF,JaCoby Jones (13094913),JaCoby Jones,13094913,OF,3900,KC@DET 08/08/2019 07:10PM ET,DET,6.62
C,Brian McCann (13094908),Brian McCann,13094908,C,3900,ATL@MIA 08/08/2019 07:10PM ET,ATL,6.67
SS,Miguel Rojas (13094916),Miguel Rojas,13094916,SS,3900,ATL@MIA 08/08/2019 07:10PM ET,MIA,6.10
2B/OF,Yangervis Solarte (13094917),Yangervis Solarte,13094917,2B/OF,3900,ATL@MIA 08/08/2019 07:10PM ET,MIA,3.64
OF,Wil Myers (13094909),Wil Myers,13094909,OF,3900,COL@SD 08/08/2019 10:10PM ET,SD,5.64
C,Drew Butera (13094919),Drew Butera,13094919,C,3900,COL@SD 08/08/2019 10:10PM ET,COL,3.29
C,Stephen Vogt (13094906),Stephen Vogt,13094906,C,3900,PHI@SF 08/08/2019 09:45PM ET,SF,4.95
SS,Jean Segura (13094907),Jean Segura,13094907,SS,3900,PHI@SF 08/08/2019 09:45PM ET,PHI,7.91
C,Rene Rivera (13094920),Rene Rivera,13094920,C,3900,PHI@SF 08/08/2019 09:45PM ET,SF,0
2B,Marco Hernandez (13094921),Marco Hernandez,13094921,2B,3800,LAA@BOS 08/08/2019 07:10PM ET,BOS,4.86
OF,Justin Upton (13094927),Justin Upton,13094927,OF,3800,LAA@BOS 08/08/2019 07:10PM ET,LAA,7.03
1B/3B,Matt Thaiss (13094933),Matt Thaiss,13094933,1B/3B,3800,LAA@BOS 08/08/2019 07:10PM ET,LAA,6.75
OF,Jackie Bradley Jr. (13094936),Jackie Bradley Jr.,13094936,OF,3800,LAA@BOS 08/08/2019 07:10PM ET,BOS,6.61
SS,Freddy Galvis (13094924),Freddy Galvis,13094924,SS,3800,NYY@TOR 08/08/2019 07:07PM ET,TOR,7.26
OF,Randal Grichuk (13094926),Randal Grichuk,13094926,OF,3800,NYY@TOR 08/08/2019 07:07PM ET,TOR,7.06
OF,Teoscar Hernandez (13094938),Teoscar Hernandez,13094938,OF,3800,NYY@TOR 08/08/2019 07:07PM ET,TOR,6.54
1B,Rowdy Tellez (13094942),Rowdy Tellez,13094942,1B,3800,NYY@TOR 08/08/2019 07:07PM ET,TOR,6.35
OF,Albert Almora Jr. (13094930),Albert Almora Jr.,13094930,OF,3800,CHC@CIN 08/08/2019 07:10PM ET,CHC,4.65
OF,Josh VanMeter (13094931),Josh VanMeter,13094931,OF,3800,CHC@CIN 08/08/2019 07:10PM ET,CIN,4.52
OF,Aristides Aquino (13094937),Aristides Aquino,13094937,OF,3800,CHC@CIN 08/08/2019 07:10PM ET,CIN,9.5
1B,Miguel Cabrera (13094939),Miguel Cabrera,13094939,1B,3800,KC@DET 08/08/2019 07:10PM ET,DET,6.10
OF,Harold Ramirez (13094935),Harold Ramirez,13094935,OF,3800,ATL@MIA 08/08/2019 07:10PM ET,MIA,6.44
1B,C.J. Cron (13094928),C.J. Cron,13094928,1B,3800,CLE@MIN 08/08/2019 08:10PM ET,MIN,7.91
OF,Franmil Reyes (13094929),Franmil Reyes,13094929,OF,3800,CLE@MIN 08/08/2019 08:10PM ET,CLE,6.63
C,Roberto Perez (13094941),Roberto Perez,13094941,C,3800,CLE@MIN 08/08/2019 08:10PM ET,CLE,6.88
2B/3B,Greg Garcia (13094922),Greg Garcia,13094922,2B/3B,3800,COL@SD 08/08/2019 10:10PM ET,SD,4.61
OF,Manuel Margot (13094932),Manuel Margot,13094932,OF,3800,COL@SD 08/08/2019 10:10PM ET,SD,5.32
OF,Roman Quinn (13094925),Roman Quinn,13094925,OF,3800,PHI@SF 08/08/2019 09:45PM ET,PHI,4.51
OF,Joey Rickard (13094943),Joey Rickard,13094943,OF,3800,PHI@SF 08/08/2019 09:45PM ET,SF,4.55
1B,Justin Bour (13094945),Justin Bour,13094945,1B,3700,LAA@BOS 08/08/2019 07:10PM ET,LAA,5.91
2B/3B,Brandon Phillips (13094948),Brandon Phillips,13094948,2B/3B,3700,LAA@BOS 08/08/2019 07:10PM ET,BOS,0
OF,Socrates Brito (13094950),Socrates Brito,13094950,OF,3700,NYY@TOR 08/08/2019 07:07PM ET,TOR,2.12
SS,Jose Iglesias (13094940),Jose Iglesias,13094940,SS,3700,CHC@CIN 08/08/2019 07:10PM ET,CIN,6.08
C,Jake Rogers (13094947),Jake Rogers,13094947,C,3700,KC@DET 08/08/2019 07:10PM ET,DET,7.86
OF,Nick Markakis (13094944),Nick Markakis,13094944,OF,3700,ATL@MIA 08/08/2019 07:10PM ET,ATL,7.24
C,Tyler Flowers (13094946),Tyler Flowers,13094946,C,3700,ATL@MIA 08/08/2019 07:10PM ET,ATL,5.92
OF,Mike Gerber (13094951),Mike Gerber,13094951,OF,3700,PHI@SF 08/08/2019 09:45PM ET,SF,1.75
1B/OF,Sam Travis (13094953),Sam Travis,13094953,1B/OF,3600,LAA@BOS 08/08/2019 07:10PM ET,BOS,4.79
OF,Derek Fisher (13094956),Derek Fisher,13094956,OF,3600,NYY@TOR 08/08/2019 07:07PM ET,TOR,5.87
1B,Justin Smoak (13094968),Justin Smoak,13094968,1B,3600,NYY@TOR 08/08/2019 07:07PM ET,TOR,7.12
OF,Phillip Ervin (13094955),Phillip Ervin,13094955,OF,3600,CHC@CIN 08/08/2019 07:10PM ET,CIN,4.96
2B/OF,Ben Zobrist (13094969),Ben Zobrist,13094969,2B/OF,3600,CHC@CIN 08/08/2019 07:10PM ET,CHC,5.15
C,Jonathan Lucroy (13094971),Jonathan Lucroy,13094971,C,3600,CHC@CIN 08/08/2019 07:10PM ET,CHC,5.54
OF,Travis Demeritte (13094964),Travis Demeritte,13094964,OF,3600,KC@DET 08/08/2019 07:10PM ET,DET,7.57
1B/OF,Garrett Cooper (13094957),Garrett Cooper,13094957,1B/OF,3600,ATL@MIA 08/08/2019 07:10PM ET,MIA,7.22
OF,Matt Joyce (13094959),Matt Joyce,13094959,OF,3600,ATL@MIA 08/08/2019 07:10PM ET,ATL,2.26
OF,Tyler Naquin (13094961),Tyler Naquin,13094961,OF,3600,CLE@MIN 08/08/2019 08:10PM ET,CLE,6.28
2B/3B,Luis Arraez (13094965),Luis Arraez,13094965,2B/3B,3600,CLE@MIN 08/08/2019 08:10PM ET,MIN,6.88
3B/C,Willians Astudillo (13094975),Willians Astudillo,13094975,C/3B,3600,CLE@MIN 08/08/2019 08:10PM ET,MIN,5.49
C,Chris Iannetta (13094963),Chris Iannetta,13094963,C,3600,COL@SD 08/08/2019 10:10PM ET,COL,5.31
2B/SS,Brendan Rodgers (13094972),Brendan Rodgers,13094972,2B/SS,3600,COL@SD 08/08/2019 10:10PM ET,COL,3.8
OF,Austin Slater (13094952),Austin Slater,13094952,OF,3600,PHI@SF 08/08/2019 09:45PM ET,SF,6.36
OF,Kevin Pillar (13094960),Kevin Pillar,13094960,OF,3600,PHI@SF 08/08/2019 09:45PM ET,SF,6.73
OF,Adam Haseley (13094962),Adam Haseley,13094962,OF,3600,PHI@SF 08/08/2019 09:45PM ET,PHI,6.67
2B,Cesar Hernandez (13094967),Cesar Hernandez,13094967,2B,3600,PHI@SF 08/08/2019 09:45PM ET,PHI,6.77
SS,Mauricio Dubon (13094974),Mauricio Dubon,13094974,SS,3600,PHI@SF 08/08/2019 09:45PM ET,SF,0
2B/3B,Tommy La Stella (13094977),Tommy La Stella,13094977,2B/3B,3500,LAA@BOS 08/08/2019 07:10PM ET,LAA,7.86
OF,Rusney Castillo (13094980),Rusney Castillo,13094980,OF,3500,LAA@BOS 08/08/2019 07:10PM ET,BOS,0
OF,Jarrett Parker (13094988),Jarrett Parker,13094988,OF,3500,LAA@BOS 08/08/2019 07:10PM ET,LAA,1.6
2B,Brock Holt (13094996),Brock Holt,13094996,2B,3500,LAA@BOS 08/08/2019 07:10PM ET,BOS,5.58
3B,Kaleb Cowart (13095005),Kaleb Cowart,13095005,3B,3500,LAA@BOS 08/08/2019 07:10PM ET,LAA,0
OF,Estevan Florial (13094981),Estevan Florial,13094981,OF,3500,NYY@TOR 08/08/2019 07:07PM ET,NYY,0
C,Kyle Higashioka (13094989),Kyle Higashioka,13094989,C,3500,NYY@TOR 08/08/2019 07:07PM ET,NYY,9.1
3B,Miguel Andujar (13095011),Miguel Andujar,13095011,3B,3500,NYY@TOR 08/08/2019 07:07PM ET,NYY,2
2B/OF,Alen Hanson (13095012),Alen Hanson,13095012,2B/OF,3500,NYY@TOR 08/08/2019 07:07PM ET,TOR,2.89
OF,Johnny Field (13094979),Johnny Field,13094979,OF,3500,CHC@CIN 08/08/2019 07:10PM ET,CHC,0
C,Ryan Lavarnway (13094982),Ryan Lavarnway,13094982,C,3500,CHC@CIN 08/08/2019 07:10PM ET,CIN,11.4
C,Tucker Barnhart (13094994),Tucker Barnhart,13094994,C,3500,CHC@CIN 08/08/2019 07:10PM ET,CIN,5.10
2B/OF,Tony Kemp (13095003),Tony Kemp,13095003,2B/OF,3500,CHC@CIN 08/08/2019 07:10PM ET,CHC,4.72
C,Francisco Arcia (13095006),Francisco Arcia,13095006,C,3500,CHC@CIN 08/08/2019 07:10PM ET,CHC,0
2B/OF,Harold Castro (13094990),Harold Castro,13094990,2B/OF,3500,KC@DET 08/08/2019 07:10PM ET,DET,5.62
1B/3B,Cheslor Cuthbert (13094992),Cheslor Cuthbert,13094992,1B/3B,3500,KC@DET 08/08/2019 07:10PM ET,KC,6.80
2B/SS,Gordon Beckham (13094999),Gordon Beckham,13094999,2B/SS,3500,KC@DET 08/08/2019 07:10PM ET,DET,4.47
OF,Alex Gordon (13095002),Alex Gordon,13095002,OF,3500,KC@DET 08/08/2019 07:10PM ET,KC,7.65
C,Salvador Perez (13095008),Salvador Perez,13095008,C,3500,KC@DET 08/08/2019 07:10PM ET,KC,0
OF,Brian Miller (13095007),Brian Miller,13095007,OF,3500,ATL@MIA 08/08/2019 07:10PM ET,MIA,0
1B,Logan Morrison (13094986),Logan Morrison,13094986,1B,3500,CLE@MIN 08/08/2019 08:10PM ET,MIN,0
OF,Greg Allen (13094987),Greg Allen,13094987,OF,3500,CLE@MIN 08/08/2019 08:10PM ET,CLE,4.70
C,Jason Castro (13094995),Jason Castro,13094995,C,3500,CLE@MIN 08/08/2019 08:10PM ET,MIN,6.95
2B,Jonathan Schoop (13095001),Jonathan Schoop,13095001,2B,3500,CLE@MIN 08/08/2019 08:10PM ET,MIN,7.08
3B,Yu Chang (13095009),Yu Chang,13095009,3B,3500,CLE@MIN 08/08/2019 08:10PM ET,CLE,0
OF,Josh Naylor (13094985),Josh Naylor,13094985,OF,3500,COL@SD 08/08/2019 10:10PM ET,SD,4.51
1B,Yonder Alonso (13094998),Yonder Alonso,13094998,1B,3500,COL@SD 08/08/2019 10:10PM ET,COL,4.89
3B/OF,Sean Rodriguez (13094983),Sean Rodriguez,13094983,3B/OF,3500,PHI@SF 08/08/2019 09:45PM ET,PHI,3.48
1B,Brandon Belt (13094997),Brandon Belt,13094997,1B,3500,PHI@SF 08/08/2019 09:45PM ET,SF,6.64
OF,Jose Pirela (13095010),Jose Pirela,13095010,OF,3500,PHI@SF 08/08/2019 09:45PM ET,PHI,0
OF,Gorkys Hernandez (13095014),Gorkys Hernandez,13095014,OF,3400,LAA@BOS 08/08/2019 07:10PM ET,BOS,0
2B/SS,Luis Rengifo (13095025),Luis Rengifo,13095025,2B/SS,3400,LAA@BOS 08/08/2019 07:10PM ET,LAA,5.79
2B,Breyvic Valera (13095021),Breyvic Valera,13095021,2B,3400,NYY@TOR 08/08/2019 07:07PM ET,NYY,4.43
3B/OF,Brandon Drury (13095030),Brandon Drury,13095030,3B/OF,3400,NYY@TOR 08/08/2019 07:07PM ET,TOR,5.81
3B/SS,Phillip Evans (13095015),Phillip Evans,13095015,3B/SS,3400,CHC@CIN 08/08/2019 07:10PM ET,CHC,0
OF,Mark Zagunis (13095018),Mark Zagunis,13095018,OF,3400,CHC@CIN 08/08/2019 07:10PM ET,CHC,1.90
2B/C,Kyle Farmer (13095022),Kyle Farmer,13095022,C/2B,3400,CHC@CIN 08/08/2019 07:10PM ET,CIN,3.55
C,Jhonny Pereda (13095038),Jhonny Pereda,13095038,C,3400,CHC@CIN 08/08/2019 07:10PM ET,CHC,0
OF,Victor Reyes (13095024),Victor Reyes,13095024,OF,3400,KC@DET 08/08/2019 07:10PM ET,DET,5.17
C,John Ryan Murphy (13095035),John Ryan Murphy,13095035,C,3400,ATL@MIA 08/08/2019 07:10PM ET,ATL,4.44
C,Alex Jackson (13095036),Alex Jackson,13095036,C,3400,ATL@MIA 08/08/2019 07:10PM ET,ATL,0.67
OF,Gabriel Guerrero (13095039),Gabriel Guerrero,13095039,OF,3400,ATL@MIA 08/08/2019 07:10PM ET,MIA,0
3B/SS,Joe Dunand (13095040),Joe Dunand,13095040,3B/SS,3400,ATL@MIA 08/08/2019 07:10PM ET,MIA,0
OF,Magneuris Sierra (13095042),Magneuris Sierra,13095042,OF,3400,ATL@MIA 08/08/2019 07:10PM ET,MIA,0
1B,Hanley Ramirez (13095017),Hanley Ramirez,13095017,1B,3400,CLE@MIN 08/08/2019 08:10PM ET,CLE,5.19
2B/SS,Mike Freeman (13095019),Mike Freeman,13095019,2B/SS,3400,CLE@MIN 08/08/2019 08:10PM ET,CLE,4.49
1B,Bobby Bradley (13095032),Bobby Bradley,13095032,1B,3400,CLE@MIN 08/08/2019 08:10PM ET,CLE,4.33
OF,Leonys Martin (13095033),Leonys Martin,13095033,OF,3400,CLE@MIN 08/08/2019 08:10PM ET,CLE,6
OF,Shane Peterson (13095034),Shane Peterson,13095034,OF,3400,COL@SD 08/08/2019 10:10PM ET,SD,0
2B/3B,Brad Miller (13095027),Brad Miller,13095027,2B/3B,3400,PHI@SF 08/08/2019 09:45PM ET,PHI,4.07
C,Buster Posey (13095029),Buster Posey,13095029,C,3400,PHI@SF 08/08/2019 09:45PM ET,SF,5.91
3B,Maikel Franco (13095037),Maikel Franco,13095037,3B,3400,PHI@SF 08/08/2019 09:45PM ET,PHI,5.90
SS,Andrelton Simmons (13095044),Andrelton Simmons,13095044,SS,3300,LAA@BOS 08/08/2019 07:10PM ET,LAA,6.93
SS,Tzu-Wei Lin (13095055),Tzu-Wei Lin,13095055,SS,3300,LAA@BOS 08/08/2019 07:10PM ET,BOS,2.54
C,Kevan Smith (13095058),Kevan Smith,13095058,C,3300,LAA@BOS 08/08/2019 07:10PM ET,LAA,5.24
2B,Robel Garcia (13095043),Robel Garcia,13095043,2B,3300,CHC@CIN 08/08/2019 07:10PM ET,CHC,6.05
OF,Taylor Trammell (13095047),Taylor Trammell,13095047,OF,3300,CHC@CIN 08/08/2019 07:10PM ET,CIN,0
OF,Jacob Hannemann (13095048),Jacob Hannemann,13095048,OF,3300,CHC@CIN 08/08/2019 07:10PM ET,CHC,0
2B/SS,Addison Russell (13095049),Addison Russell,13095049,2B/SS,3300,CHC@CIN 08/08/2019 07:10PM ET,CHC,4.86
OF,Jim Adduci (13095054),Jim Adduci,13095054,OF,3300,CHC@CIN 08/08/2019 07:10PM ET,CHC,0
C,Taylor Davis (13095060),Taylor Davis,13095060,C,3300,CHC@CIN 08/08/2019 07:10PM ET,CHC,4.57
OF,Scott Schebler (13095063),Scott Schebler,13095063,OF,3300,CHC@CIN 08/08/2019 07:10PM ET,CIN,3.73
OF,Daz Cameron (13095046),Daz Cameron,13095046,OF,3300,KC@DET 08/08/2019 07:10PM ET,DET,0
2B/SS,Willi Castro (13095051),Willi Castro,13095051,2B/SS,3300,KC@DET 08/08/2019 07:10PM ET,DET,0
1B/C,John Hicks (13095099),John Hicks,13095099,C/1B,3300,KC@DET 08/08/2019 07:10PM ET,DET,4.64
OF,Curtis Granderson (13095061),Curtis Granderson,13095061,OF,3300,ATL@MIA 08/08/2019 07:10PM ET,MIA,4.56
2B/SS,Dixon Machado (13095064),Dixon Machado,13095064,2B/SS,3300,ATL@MIA 08/08/2019 07:10PM ET,MIA,0
OF,Daniel Johnson (13095045),Daniel Johnson,13095045,OF,3300,CLE@MIN 08/08/2019 08:10PM ET,CLE,0
C,Eric Haase (13095062),Eric Haase,13095062,C,3300,CLE@MIN 08/08/2019 08:10PM ET,CLE,1
3B/SS,Ehire Adrianza (13095094),Ehire Adrianza,13095094,3B/SS,3300,CLE@MIN 08/08/2019 08:10PM ET,MIN,4.84
OF,Travis Jankowski (13095053),Travis Jankowski,13095053,OF,3300,COL@SD 08/08/2019 10:10PM ET,SD,0
2B/OF,Garrett Hampson (13095056),Garrett Hampson,13095056,2B/OF,3300,COL@SD 08/08/2019 10:10PM ET,COL,4.34
OF,Yonathan Daza (13095059),Yonathan Daza,13095059,OF,3300,COL@SD 08/08/2019 10:10PM ET,COL,1.62
2B/SS,Mike Miller (13095079),Mike Miller,13095079,2B/SS,3200,LAA@BOS 08/08/2019 07:10PM ET,BOS,0
1B,Jared Walsh (13095089),Jared Walsh,13095089,1B,3200,LAA@BOS 08/08/2019 07:10PM ET,LAA,2.5
C,Daniel Butler (13095093),Daniel Butler,13095093,C,3200,LAA@BOS 08/08/2019 07:10PM ET,BOS,0
1B,Greg Bird (13095074),Greg Bird,13095074,1B,3200,NYY@TOR 08/08/2019 07:07PM ET,NYY,5.1
SS,Kevin Smith (13095078),Kevin Smith,13095078,SS,3200,NYY@TOR 08/08/2019 07:07PM ET,TOR,0
OF,Anthony Alford (13095112),Anthony Alford,13095112,OF,3200,NYY@TOR 08/08/2019 07:07PM ET,TOR,0
SS,Zack Short (13095075),Zack Short,13095075,SS,3200,CHC@CIN 08/08/2019 07:10PM ET,CHC,0
2B/SS,Ronny Rodriguez (13095068),Ronny Rodriguez,13095068,2B/SS,3200,KC@DET 08/08/2019 07:10PM ET,DET,5.81
OF,Derek Hill (13095082),Derek Hill,13095082,OF,3200,KC@DET 08/08/2019 07:10PM ET,DET,0
OF,Mikie Mahtook (13095102),Mikie Mahtook,13095102,OF,3200,KC@DET 08/08/2019 07:10PM ET,DET,0.44
SS,Jordy Mercer (13095103),Jordy Mercer,13095103,SS,3200,KC@DET 08/08/2019 07:10PM ET,DET,5.21
2B,Josh Harrison (13095113),Josh Harrison,13095113,2B,3200,KC@DET 08/08/2019 07:10PM ET,DET,4.86
C,MJ Melendez (13095114),MJ Melendez,13095114,C,3200,KC@DET 08/08/2019 07:10PM ET,KC,0
2B/SS,Andres Blanco (13095076),Andres Blanco,13095076,2B/SS,3200,ATL@MIA 08/08/2019 07:10PM ET,ATL,0
OF,Monte Harrison (13095081),Monte Harrison,13095081,OF,3200,ATL@MIA 08/08/2019 07:10PM ET,MIA,0
OF,Ryan LaMarre (13095088),Ryan LaMarre,13095088,OF,3200,ATL@MIA 08/08/2019 07:10PM ET,ATL,0
2B,Isan Diaz (13095098),Isan Diaz,13095098,2B,3200,ATL@MIA 08/08/2019 07:10PM ET,MIA,4
C,Bryan Holaday (13095101),Bryan Holaday,13095101,C,3200,ATL@MIA 08/08/2019 07:10PM ET,MIA,6
OF,Bradley Zimmer (13095070),Bradley Zimmer,13095070,OF,3200,CLE@MIN 08/08/2019 08:10PM ET,CLE,0
1B/OF,Jake Bauers (13095084),Jake Bauers,13095084,1B/OF,3200,CLE@MIN 08/08/2019 08:10PM ET,CLE,6
2B/3B,Christian Villanueva (13095066),Christian Villanueva,13095066,2B/3B,3200,COL@SD 08/08/2019 10:10PM ET,SD,0
1B/OF,Matt Holliday (13095071),Matt Holliday,13095071,1B/OF,3200,COL@SD 08/08/2019 10:10PM ET,COL,0
C,Francisco Mejia (13095090),Francisco Mejia,13095090,C,3200,COL@SD 08/08/2019 10:10PM ET,SD,4.87
C,Tony Wolters (13095092),Tony Wolters,13095092,C,3200,COL@SD 08/08/2019 10:10PM ET,COL,5.17
OF,Dylan Cozens (13095073),Dylan Cozens,13095073,OF,3200,PHI@SF 08/08/2019 09:45PM ET,PHI,0
3B,Trevor Plouffe (13095083),Trevor Plouffe,13095083,3B,3200,PHI@SF 08/08/2019 09:45PM ET,PHI,0
1B/OF,Chris Shaw (13095086),Chris Shaw,13095086,1B/OF,3200,PHI@SF 08/08/2019 09:45PM ET,SF,0
SS,Abiatal Avelino (13095091),Abiatal Avelino,13095091,SS,3200,PHI@SF 08/08/2019 09:45PM ET,SF,0
3B/SS,Mitch Walding (13095096),Mitch Walding,13095096,3B/SS,3200,PHI@SF 08/08/2019 09:45PM ET,PHI,0
2B/SS,Cristhian Adames (13095104),Cristhian Adames,13095104,2B/SS,3200,PHI@SF 08/08/2019 09:45PM ET,SF,0
3B,Ryder Jones (13095106),Ryder Jones,13095106,3B,3200,PHI@SF 08/08/2019 09:45PM ET,SF,0
C,Aramis Garcia (13095107),Aramis Garcia,13095107,C,3200,PHI@SF 08/08/2019 09:45PM ET,SF,6.17
2B/3B,Miguel Gomez (13095108),Miguel Gomez,13095108,2B/3B,3200,PHI@SF 08/08/2019 09:45PM ET,SF,0
OF,Craig Gentry (13095110),Craig Gentry,13095110,OF,3200,PHI@SF 08/08/2019 09:45PM ET,SF,0
OF,Odubel Herrera (13095111),Odubel Herrera,13095111,OF,3200,PHI@SF 08/08/2019 09:45PM ET,PHI,5.28
2B/3B,Ryan Schimpf (13095117),Ryan Schimpf,13095117,2B/3B,3100,LAA@BOS 08/08/2019 07:10PM ET,LAA,0
SS,C.J. Chatham (13095130),C.J. Chatham,13095130,SS,3100,LAA@BOS 08/08/2019 07:10PM ET,BOS,0
C,Juan Centeno (13095133),Juan Centeno,13095133,C,3100,LAA@BOS 08/08/2019 07:10PM ET,BOS,0
1B/OF,Steve Pearce (13095136),Steve Pearce,13095136,1B/OF,3100,LAA@BOS 08/08/2019 07:10PM ET,BOS,3.97
3B,Taylor Ward (13095138),Taylor Ward,13095138,3B,3100,LAA@BOS 08/08/2019 07:10PM ET,LAA,1.29
SS,Wilfredo Tovar (13095140),Wilfredo Tovar,13095140,SS,3100,LAA@BOS 08/08/2019 07:10PM ET,LAA,3.17
OF,Billy Burns (13095132),Billy Burns,13095132,OF,3100,NYY@TOR 08/08/2019 07:07PM ET,NYY,0
2B/OF,Darnell Sweeney (13095134),Darnell Sweeney,13095134,2B/OF,3100,NYY@TOR 08/08/2019 07:07PM ET,TOR,0
OF,Zach Borenstein (13095115),Zach Borenstein,13095115,OF,3100,CHC@CIN 08/08/2019 07:10PM ET,CHC,0
2B/3B,Alex Blandino (13095125),Alex Blandino,13095125,2B/3B,3100,CHC@CIN 08/08/2019 07:10PM ET,CIN,0
OF,Brian O'Grady (13095145),Brian O'Grady,13095145,OF,3100,CHC@CIN 08/08/2019 07:10PM ET,CIN,0
OF,Jacob Robson (13095119),Jacob Robson,13095119,OF,3100,KC@DET 08/08/2019 07:10PM ET,DET,0
OF,Dustin Peterson (13095147),Dustin Peterson,13095147,OF,3100,KC@DET 08/08/2019 07:10PM ET,DET,3.94
1B,Andy Wilkins (13095116),Andy Wilkins,13095116,1B,3100,ATL@MIA 08/08/2019 07:10PM ET,ATL,0
1B/3B,Pedro Alvarez (13095120),Pedro Alvarez,13095120,1B/3B,3100,ATL@MIA 08/08/2019 07:10PM ET,MIA,0
1B/3B,Neil Walker (13095122),Neil Walker,13095122,1B/3B,3100,ATL@MIA 08/08/2019 07:10PM ET,MIA,5.07
OF,Cristian Pache (13095127),Cristian Pache,13095127,OF,3100,ATL@MIA 08/08/2019 07:10PM ET,ATL,0
SS,Pedro Florimon (13095128),Pedro Florimon,13095128,SS,3100,ATL@MIA 08/08/2019 07:10PM ET,ATL,0
OF/SS,Johan Camargo (13095141),Johan Camargo,13095141,SS/OF,3100,ATL@MIA 08/08/2019 07:10PM ET,ATL,3.82
2B,Starlin Castro (13095143),Starlin Castro,13095143,2B,3100,ATL@MIA 08/08/2019 07:10PM ET,MIA,5.73
OF,Austin Dean (13095148),Austin Dean,13095148,OF,3100,ATL@MIA 08/08/2019 07:10PM ET,MIA,3.5
SS,Bryson Brigman (13095149),Bryson Brigman,13095149,SS,3100,ATL@MIA 08/08/2019 07:10PM ET,MIA,0
3B,Christian Arroyo (13095129),Christian Arroyo,13095129,3B,3100,CLE@MIN 08/08/2019 08:10PM ET,CLE,5.81
OF,Brandon Barnes (13095139),Brandon Barnes,13095139,OF,3100,CLE@MIN 08/08/2019 08:10PM ET,CLE,0
OF,LaMonte Wade Jr. (13095146),LaMonte Wade Jr.,13095146,OF,3100,CLE@MIN 08/08/2019 08:10PM ET,MIN,3
OF,Lane Adams (13095124),Lane Adams,13095124,OF,3100,PHI@SF 08/08/2019 09:45PM ET,PHI,0
OF,John Andreoli (13095131),John Andreoli,13095131,OF,3100,PHI@SF 08/08/2019 09:45PM ET,SF,0
OF,Michael Reed (13095144),Michael Reed,13095144,OF,3100,PHI@SF 08/08/2019 09:45PM ET,SF,0
3B,Bobby Dalbec (13095150),Bobby Dalbec,13095150,3B,3000,LAA@BOS 08/08/2019 07:10PM ET,BOS,0
OF,Jo Adell (13095152),Jo Adell,13095152,OF,3000,LAA@BOS 08/08/2019 07:10PM ET,LAA,0
2B/OF,Tony Renda (13095156),Tony Renda,13095156,2B/OF,3000,LAA@BOS 08/08/2019 07:10PM ET,BOS,0
2B,Dustin Pedroia (13095163),Dustin Pedroia,13095163,2B,3000,LAA@BOS 08/08/2019 07:10PM ET,BOS,2
C,Jose Briceno (13095168),Jose Briceno,13095168,C,3000,LAA@BOS 08/08/2019 07:10PM ET,LAA,0
2B/OF,Tyler Wade (13095161),Tyler Wade,13095161,2B/OF,3000,NYY@TOR 08/08/2019 07:07PM ET,NYY,5.29
OF,Dalton Pompey (13095166),Dalton Pompey,13095166,OF,3000,NYY@TOR 08/08/2019 07:07PM ET,TOR,0
C,Reese McGuire (13095176),Reese McGuire,13095176,C,3000,NYY@TOR 08/08/2019 07:07PM ET,TOR,3.67
OF,Jose Siri (13095151),Jose Siri,13095151,OF,3000,CHC@CIN 08/08/2019 07:10PM ET,CIN,0
C,Curt Casali (13095171),Curt Casali,13095171,C,3000,CHC@CIN 08/08/2019 07:10PM ET,CIN,4.77
OF,Christin Stewart (13095160),Christin Stewart,13095160,OF,3000,KC@DET 08/08/2019 07:10PM ET,DET,6.11
1B,Frank Schwindel (13095164),Frank Schwindel,13095164,1B,3000,KC@DET 08/08/2019 07:10PM ET,DET,0.5
OF,Troy Montgomery (13095167),Troy Montgomery,13095167,OF,3000,KC@DET 08/08/2019 07:10PM ET,DET,0
OF,Jorge Bonifacio (13095169),Jorge Bonifacio,13095169,OF,3000,KC@DET 08/08/2019 07:10PM ET,KC,8.2
3B,Jeimer Candelario (13095170),Jeimer Candelario,13095170,3B,3000,KC@DET 08/08/2019 07:10PM ET,DET,5.85
OF,Khalil Lee (13095172),Khalil Lee,13095172,OF,3000,KC@DET 08/08/2019 07:10PM ET,KC,0
OF,Brett Phillips (13095181),Brett Phillips,13095181,OF,3000,KC@DET 08/08/2019 07:10PM ET,KC,0
OF,Rafael Ortega (13095158),Rafael Ortega,13095158,OF,3000,ATL@MIA 08/08/2019 07:10PM ET,ATL,0
OF,Rosell Herrera (13095185),Rosell Herrera,13095185,OF,3000,ATL@MIA 08/08/2019 07:10PM ET,MIA,2.81
3B,James Nelson (13095187),James Nelson,13095187,3B,3000,ATL@MIA 08/08/2019 07:10PM ET,MIA,0
3B/OF,Marwin Gonzalez (13095174),Marwin Gonzalez,13095174,3B/OF,3000,CLE@MIN 08/08/2019 08:10PM ET,MIN,6.33
C,Kevin Plawecki (13095182),Kevin Plawecki,13095182,C,3000,CLE@MIN 08/08/2019 08:10PM ET,CLE,3.96
OF,Michael Saunders (13095153),Michael Saunders,13095153,OF,3000,COL@SD 08/08/2019 10:10PM ET,COL,0
OF,Vince Fernandez (13095154),Vince Fernandez,13095154,OF,3000,COL@SD 08/08/2019 10:10PM ET,COL,0
OF,Noel Cuevas (13095155),Noel Cuevas,13095155,OF,3000,COL@SD 08/08/2019 10:10PM ET,COL,0
3B,Colton Welker (13095159),Colton Welker,13095159,3B,3000,COL@SD 08/08/2019 10:10PM ET,COL,0
C,Austin Allen (13095173),Austin Allen,13095173,C,3000,COL@SD 08/08/2019 10:10PM ET,SD,2.81
3B,Ty France (13095177),Ty France,13095177,3B,3000,COL@SD 08/08/2019 10:10PM ET,SD,4.35
2B,Ian Kinsler (13095178),Ian Kinsler,13095178,2B,3000,COL@SD 08/08/2019 10:10PM ET,SD,4.74
C,Luis Torrens (13095184),Luis Torrens,13095184,C,3000,COL@SD 08/08/2019 10:10PM ET,SD,0
OF,Drew Ferguson (13095165),Drew Ferguson,13095165,OF,3000,PHI@SF 08/08/2019 09:45PM ET,SF,0
2B/3B,Jesmuel Valentin (13095179),Jesmuel Valentin,13095179,2B/3B,3000,PHI@SF 08/08/2019 09:45PM ET,PHI,0
SS,Brandon Crawford (13095183),Brandon Crawford,13095183,SS,3000,PHI@SF 08/08/2019 09:45PM ET,SF,5.93
2B,Joe Panik (13095186),Joe Panik,13095186,2B,3000,PHI@SF 08/08/2019 09:45PM ET,SF,5.06
1B/3B,Jefry Marte (13095188),Jefry Marte,13095188,1B/3B,2900,LAA@BOS 08/08/2019 07:10PM ET,LAA,0
1B,Josh Ockimey (13095191),Josh Ockimey,13095191,1B,2900,LAA@BOS 08/08/2019 07:10PM ET,BOS,0
1B,Joey Curletta (13095192),Joey Curletta,13095192,1B,2900,LAA@BOS 08/08/2019 07:10PM ET,BOS,0
2B,Devon Travis (13095193),Devon Travis,13095193,2B,2900,NYY@TOR 08/08/2019 07:07PM ET,TOR,0
OF,Jonathan Davis (13095209),Jonathan Davis,13095209,OF,2900,NYY@TOR 08/08/2019 07:07PM ET,TOR,2.61
2B/3B,Richard Urena (13095210),Richard Urena,13095210,2B/3B,2900,NYY@TOR 08/08/2019 07:07PM ET,TOR,2.62
OF,Mason Williams (13095197),Mason Williams,13095197,OF,2900,CHC@CIN 08/08/2019 07:10PM ET,CIN,0
2B/SS,Jose Peraza (13095204),Jose Peraza,13095204,2B/SS,2900,CHC@CIN 08/08/2019 07:10PM ET,CIN,4.40
OF,Carlos Gonzalez (13095206),Carlos Gonzalez,13095206,OF,2900,CHC@CIN 08/08/2019 07:10PM ET,CHC,4.76
C,Hector Sanchez (13095190),Hector Sanchez,13095190,C,2900,KC@DET 08/08/2019 07:10PM ET,DET,0
3B,Dawel Lugo (13095201),Dawel Lugo,13095201,3B,2900,KC@DET 08/08/2019 07:10PM ET,DET,3.87
3B,Kelvin Gutierrez (13095208),Kelvin Gutierrez,13095208,3B,2900,KC@DET 08/08/2019 07:10PM ET,KC,5.9
OF,Cesar Puello (13095198),Cesar Puello,13095198,OF,2900,ATL@MIA 08/08/2019 07:10PM ET,MIA,5.39
OF,Peter O'Brien (13095199),Peter O'Brien,13095199,OF,2900,ATL@MIA 08/08/2019 07:10PM ET,MIA,4.07
C,Jorge Alfaro (13095200),Jorge Alfaro,13095200,C,2900,ATL@MIA 08/08/2019 07:10PM ET,MIA,5.60
3B,Deven Marrero (13095202),Deven Marrero,13095202,3B,2900,ATL@MIA 08/08/2019 07:10PM ET,MIA,0
OF,Trayce Thompson (13095196),Trayce Thompson,13095196,OF,2900,CLE@MIN 08/08/2019 08:10PM ET,CLE,0
OF,Jake Cave (13095203),Jake Cave,13095203,OF,2900,CLE@MIN 08/08/2019 08:10PM ET,MIN,3.9
C,Dom Nunez (13095194),Dom Nunez,13095194,C,2900,COL@SD 08/08/2019 10:10PM ET,COL,0
3B,Chase Headley (13095195),Chase Headley,13095195,3B,2900,COL@SD 08/08/2019 10:10PM ET,SD,0
2B,Scooter Gennett (13095207),Scooter Gennett,13095207,2B,2900,PHI@SF 08/08/2019 09:45PM ET,SF,3.78
OF,Michael Hermosillo (13095218),Michael Hermosillo,13095218,OF,2800,LAA@BOS 08/08/2019 07:10PM ET,LAA,4
2B/3B,Ty Kelly (13095225),Ty Kelly,13095225,2B/3B,2800,LAA@BOS 08/08/2019 07:10PM ET,LAA,0
2B/3B,Eduardo Nunez (13095227),Eduardo Nunez,13095227,2B/3B,2800,LAA@BOS 08/08/2019 07:10PM ET,BOS,4.02
C,Sandy Leon (13095234),Sandy Leon,13095234,C,2800,LAA@BOS 08/08/2019 07:10PM ET,BOS,3.85
OF,Terrance Gore (13095212),Terrance Gore,13095212,OF,2800,NYY@TOR 08/08/2019 07:07PM ET,NYY,4.27
C,Danny Jansen (13095235),Danny Jansen,13095235,C,2800,NYY@TOR 08/08/2019 07:07PM ET,TOR,5.12
OF,Jordan Patterson (13095213),Jordan Patterson,13095213,OF,2800,CHC@CIN 08/08/2019 07:10PM ET,CIN,0
OF,TJ Friedl (13095219),TJ Friedl,13095219,OF,2800,CHC@CIN 08/08/2019 07:10PM ET,CIN,0
3B,Mitch Nay (13095229),Mitch Nay,13095229,3B,2800,CHC@CIN 08/08/2019 07:10PM ET,CIN,0
2B,Daniel Descalso (13095242),Daniel Descalso,13095242,2B,2800,CHC@CIN 08/08/2019 07:10PM ET,CHC,3.29
SS,Isaac Paredes (13095217),Isaac Paredes,13095217,SS,2800,KC@DET 08/08/2019 07:10PM ET,DET,0
3B,Emmanuel Rivera (13095230),Emmanuel Rivera,13095230,3B,2800,KC@DET 08/08/2019 07:10PM ET,KC,0
C,Cam Gallagher (13095238),Cam Gallagher,13095238,C,2800,KC@DET 08/08/2019 07:10PM ET,KC,4.56
OF,Bubba Starling (13095239),Bubba Starling,13095239,OF,2800,KC@DET 08/08/2019 07:10PM ET,KC,5.95
C,Meibrys Viloria (13095241),Meibrys Viloria,13095241,C,2800,KC@DET 08/08/2019 07:10PM ET,KC,5.7
C,Raffy Lopez (13095216),Raffy Lopez,13095216,C,2800,ATL@MIA 08/08/2019 07:10PM ET,ATL,0
OF,Isaac Galloway (13095231),Isaac Galloway,13095231,OF,2800,ATL@MIA 08/08/2019 07:10PM ET,MIA,2.79
C,Chad Wallach (13095233),Chad Wallach,13095233,C,2800,ATL@MIA 08/08/2019 07:10PM ET,MIA,3.95
2B/3B,Andrew Velazquez (13095220),Andrew Velazquez,13095220,2B/3B,2800,CLE@MIN 08/08/2019 08:10PM ET,CLE,0.9
C,Tomas Telis (13095232),Tomas Telis,13095232,C,2800,CLE@MIN 08/08/2019 08:10PM ET,MIN,0
1B/3B,Tyler Nevin (13095214),Tyler Nevin,13095214,1B/3B,2800,COL@SD 08/08/2019 10:10PM ET,COL,0
2B/SS,Pat Valaika (13095222),Pat Valaika,13095222,2B/SS,2800,COL@SD 08/08/2019 10:10PM ET,COL,2.12
1B,Mark Reynolds (13095224),Mark Reynolds,13095224,1B,2800,COL@SD 08/08/2019 10:10PM ET,COL,3.01
C,Austin Hedges (13095236),Austin Hedges,13095236,C,2800,COL@SD 08/08/2019 10:10PM ET,SD,4.71
2B,Luis Urias (13095237),Luis Urias,13095237,2B,2800,COL@SD 08/08/2019 10:10PM ET,SD,3.54
OF,Steven Duggar (13095240),Steven Duggar,13095240,OF,2800,PHI@SF 08/08/2019 09:45PM ET,SF,5.37
OF/SS,Phil Gosselin (13095243),Phil Gosselin,13095243,SS/OF,2800,PHI@SF 08/08/2019 09:45PM ET,PHI,1.94
C,Josh Thole (13095264),Josh Thole,13095264,C,2700,LAA@BOS 08/08/2019 07:10PM ET,LAA,0
1B,Chad Spanberger (13095253),Chad Spanberger,13095253,1B,2700,NYY@TOR 08/08/2019 07:07PM ET,TOR,0
C,Tony Cruz (13095252),Tony Cruz,13095252,C,2700,CHC@CIN 08/08/2019 07:10PM ET,CIN,0
C,Nick Ciuffo (13095263),Nick Ciuffo,13095263,C,2700,CHC@CIN 08/08/2019 07:10PM ET,CIN,1
SS,Sergio Alcantara (13095254),Sergio Alcantara,13095254,SS,2700,KC@DET 08/08/2019 07:10PM ET,DET,0
2B/SS,Pete Kozma (13095257),Pete Kozma,13095257,2B/SS,2700,KC@DET 08/08/2019 07:10PM ET,DET,0
2B/3B,Ramon Torres (13095261),Ramon Torres,13095261,2B/3B,2700,KC@DET 08/08/2019 07:10PM ET,KC,0
1B,Lucas Duda (13095250),Lucas Duda,13095250,1B,2700,ATL@MIA 08/08/2019 07:10PM ET,ATL,4.05
1B/3B,Martin Prado (13095259),Martin Prado,13095259,1B/3B,2700,ATL@MIA 08/08/2019 07:10PM ET,MIA,3.65
OF/SS,Taylor Motter (13095246),Taylor Motter,13095246,SS/OF,2700,CLE@MIN 08/08/2019 08:10PM ET,MIN,0
OF,Sam Hilliard (13095245),Sam Hilliard,13095245,OF,2700,COL@SD 08/08/2019 10:10PM ET,COL,0
OF,Edward Olivares (13095248),Edward Olivares,13095248,OF,2700,COL@SD 08/08/2019 10:10PM ET,SD,0
OF,Boog Powell (13095249),Boog Powell,13095249,OF,2700,COL@SD 08/08/2019 10:10PM ET,SD,0
C,A.J. Ellis (13095251),A.J. Ellis,13095251,C,2700,COL@SD 08/08/2019 10:10PM ET,SD,0
C,Rob Brantly (13095255),Rob Brantly,13095255,C,2700,PHI@SF 08/08/2019 09:45PM ET,PHI,0
OF,Shane Robinson (13095256),Shane Robinson,13095256,OF,2700,PHI@SF 08/08/2019 09:45PM ET,PHI,0
OF,Jabari Blash (13095265),Jabari Blash,13095265,OF,2600,LAA@BOS 08/08/2019 07:10PM ET,LAA,0
OF,Jahmai Jones (13095267),Jahmai Jones,13095267,OF,2600,LAA@BOS 08/08/2019 07:10PM ET,LAA,0
1B/2B,Jose Fernandez (13095269),Jose Fernandez,13095269,1B/2B,2600,LAA@BOS 08/08/2019 07:10PM ET,LAA,0
OF,Peter Bourjos (13095281),Peter Bourjos,13095281,OF,2600,LAA@BOS 08/08/2019 07:10PM ET,LAA,1.46
SS,Santiago Espinal (13095275),Santiago Espinal,13095275,SS,2600,NYY@TOR 08/08/2019 07:07PM ET,TOR,0
SS,Ronny Brito (13095276),Ronny Brito,13095276,SS,2600,NYY@TOR 08/08/2019 07:07PM ET,TOR,0
C,Tyler Stephenson (13095271),Tyler Stephenson,13095271,C,2600,CHC@CIN 08/08/2019 07:10PM ET,CIN,0
C,Kade Scivicque (13095272),Kade Scivicque,13095272,C,2600,KC@DET 08/08/2019 07:10PM ET,DET,0
C,Grayson Greiner (13095278),Grayson Greiner,13095278,C,2600,KC@DET 08/08/2019 07:10PM ET,DET,4.67
2B/3B,Ryan Flaherty (13095273),Ryan Flaherty,13095273,2B/3B,2600,CLE@MIN 08/08/2019 08:10PM ET,CLE,0
OF,Jacob Pearson (13095280),Jacob Pearson,13095280,OF,2600,CLE@MIN 08/08/2019 08:10PM ET,MIN,0
C,Brett Nicholas (13095266),Brett Nicholas,13095266,C,2600,COL@SD 08/08/2019 10:10PM ET,COL,0
OF,Buddy Reed (13095268),Buddy Reed,13095268,OF,2600,COL@SD 08/08/2019 10:10PM ET,SD,0
OF,Cornelius Randolph (13095277),Cornelius Randolph,13095277,OF,2600,PHI@SF 08/08/2019 09:45PM ET,PHI,0
OF,Mickey Moniak (13095279),Mickey Moniak,13095279,OF,2600,PHI@SF 08/08/2019 09:45PM ET,PHI,0
OF,Cole Brannen (13095283),Cole Brannen,13095283,OF,2500,LAA@BOS 08/08/2019 07:10PM ET,BOS,0
OF,Bryce Brentz (13095284),Bryce Brentz,13095284,OF,2500,LAA@BOS 08/08/2019 07:10PM ET,BOS,0
C,Anthony Bemboom (13095292),Anthony Bemboom,13095292,C,2500,LAA@BOS 08/08/2019 07:10PM ET,LAA,3.33
SS,Andy Burns (13095293),Andy Burns,13095293,SS,2500,NYY@TOR 08/08/2019 07:07PM ET,TOR,0
SS,Logan Warmoth (13095294),Logan Warmoth,13095294,SS,2500,NYY@TOR 08/08/2019 07:07PM ET,TOR,0
SS,Aramis Ademan (13095289),Aramis Ademan,13095289,SS,2500,CHC@CIN 08/08/2019 07:10PM ET,CHC,0
OF,D.J. Wilson (13095290),D.J. Wilson,13095290,OF,2500,CHC@CIN 08/08/2019 07:10PM ET,CHC,0
OF,Eddy Martinez (13095291),Eddy Martinez,13095291,OF,2500,CHC@CIN 08/08/2019 07:10PM ET,CHC,0
C,Juan Graterol (13095299),Juan Graterol,13095299,C,2500,CHC@CIN 08/08/2019 07:10PM ET,CIN,2.6
1B,Ryan O'Hearn (13095298),Ryan O'Hearn,13095298,1B,2500,KC@DET 08/08/2019 07:10PM ET,KC,4.88
OF,Elier Hernandez (13095300),Elier Hernandez,13095300,OF,2500,KC@DET 08/08/2019 07:10PM ET,KC,0
OF,Brent Rooker (13095287),Brent Rooker,13095287,OF,2500,CLE@MIN 08/08/2019 08:10PM ET,MIN,0
SS,Royce Lewis (13095288),Royce Lewis,13095288,SS,2500,CLE@MIN 08/08/2019 08:10PM ET,MIN,0
C,Ben Rortvedt (13095296),Ben Rortvedt,13095296,C,2500,CLE@MIN 08/08/2019 08:10PM ET,MIN,0
OF,Gilberto Celestino (13095297),Gilberto Celestino,13095297,OF,2500,CLE@MIN 08/08/2019 08:10PM ET,MIN,0
SS,Eric Stamets (13095301),Eric Stamets,13095301,SS,2500,CLE@MIN 08/08/2019 08:10PM ET,CLE,2
1B,Roberto Ramos (13095282),Roberto Ramos,13095282,1B,2500,COL@SD 08/08/2019 10:10PM ET,COL,0
1B/C,Matt McBride (13095285),Matt McBride,13095285,C/1B,2500,PHI@SF 08/08/2019 09:45PM ET,PHI,0
2B,Daniel Brito (13095295),Daniel Brito,13095295,2B,2500,PHI@SF 08/08/2019 09:45PM ET,PHI,0
3B,Triston Casas (13095303),Triston Casas,13095303,3B,2400,LAA@BOS 08/08/2019 07:10PM ET,BOS,0
OF,Brandon Marsh (13095304),Brandon Marsh,13095304,OF,2400,LAA@BOS 08/08/2019 07:10PM ET,LAA,0
OF,Chris Young (13095308),Chris Young,13095308,OF,2400,LAA@BOS 08/08/2019 07:10PM ET,LAA,0
1B,Kendrys Morales (13095313),Kendrys Morales,13095313,1B,2400,NYY@TOR 08/08/2019 07:07PM ET,NYY,4.49
2B/SS,Christian Colon (13095306),Christian Colon,13095306,2B/SS,2400,CHC@CIN 08/08/2019 07:10PM ET,CIN,0
SS,Blake Trahan (13095315),Blake Trahan,13095315,SS,2400,CHC@CIN 08/08/2019 07:10PM ET,CIN,0
OF,Jose Azocar (13095305),Jose Azocar,13095305,OF,2400,KC@DET 08/08/2019 07:10PM ET,DET,0
C,Jarrod Saltalamacchia (13095310),Jarrod Saltalamacchia,13095310,C,2400,KC@DET 08/08/2019 07:10PM ET,DET,0
OF,Billy Hamilton (13095320),Billy Hamilton,13095320,OF,2400,KC@DET 08/08/2019 07:10PM ET,KC,4.6
3B/SS,Yadiel Rivera (13095322),Yadiel Rivera,13095322,3B/SS,2400,ATL@MIA 08/08/2019 07:10PM ET,MIA,2.38
OF,Alex Kirilloff (13095302),Alex Kirilloff,13095302,OF,2400,CLE@MIN 08/08/2019 08:10PM ET,MIN,0
C,Dioner Navarro (13095309),Dioner Navarro,13095309,C,2400,CLE@MIN 08/08/2019 08:10PM ET,CLE,0
2B/3B,Adam Rosales (13095311),Adam Rosales,13095311,2B/3B,2400,CLE@MIN 08/08/2019 08:10PM ET,MIN,0
C,Chris Gimenez (13095314),Chris Gimenez,13095314,C,2400,CLE@MIN 08/08/2019 08:10PM ET,MIN,0
2B/OF,Andrew Romine (13095316),Andrew Romine,13095316,2B/OF,2400,PHI@SF 08/08/2019 09:45PM ET,PHI,0
SS,Arquimedes Gamboa (13095318),Arquimedes Gamboa,13095318,SS,2400,PHI@SF 08/08/2019 09:45PM ET,PHI,0
C,Andrew Knapp (13095319),Andrew Knapp,13095319,C,2400,PHI@SF 08/08/2019 09:45PM ET,PHI,2.34
OF,Nick Williams (13095321),Nick Williams,13095321,OF,2400,PHI@SF 08/08/2019 09:45PM ET,PHI,1.83
3B/OF,Cody Asche (13095324),Cody Asche,13095324,3B/OF,2300,LAA@BOS 08/08/2019 07:10PM ET,BOS,0
OF,Brennon Lund (13095326),Brennon Lund,13095326,OF,2300,LAA@BOS 08/08/2019 07:10PM ET,LAA,0
C,Erik Kratz (13095336),Erik Kratz,13095336,C,2300,NYY@TOR 08/08/2019 07:07PM ET,NYY,2
2B,Sherman Johnson (13095334),Sherman Johnson,13095334,2B,2300,CHC@CIN 08/08/2019 07:10PM ET,CIN,0
OF,Parker Meadows (13095327),Parker Meadows,13095327,OF,2300,KC@DET 08/08/2019 07:10PM ET,DET,0
2B/SS,Nicky Lopez (13095344),Nicky Lopez,13095344,2B/SS,2300,KC@DET 08/08/2019 07:10PM ET,KC,4.86
OF,Drew Waters (13095328),Drew Waters,13095328,OF,2300,ATL@MIA 08/08/2019 07:10PM ET,ATL,0
1B,Greyson Jenista (13095329),Greyson Jenista,13095329,1B,2300,ATL@MIA 08/08/2019 07:10PM ET,ATL,0
OF,Victor Victor Mesa (13095332),Victor Victor Mesa,13095332,OF,2300,ATL@MIA 08/08/2019 07:10PM ET,MIA,0
C,Wilkin Castillo (13095333),Wilkin Castillo,13095333,C,2300,ATL@MIA 08/08/2019 07:10PM ET,MIA,4.5
OF,Lewis Brinson (13095346),Lewis Brinson,13095346,OF,2300,ATL@MIA 08/08/2019 07:10PM ET,MIA,3.06
SS,Brayan Rocchio (13095330),Brayan Rocchio,13095330,SS,2300,CLE@MIN 08/08/2019 08:10PM ET,CLE,0
2B/SS,Ronald Torreyes (13095338),Ronald Torreyes,13095338,2B/SS,2300,CLE@MIN 08/08/2019 08:10PM ET,MIN,0
SS,Hudson Sanchez (13095331),Hudson Sanchez,13095331,SS,2300,COL@SD 08/08/2019 10:10PM ET,SD,0
C,Joey Bart (13095335),Joey Bart,13095335,C,2300,PHI@SF 08/08/2019 09:45PM ET,SF,0
3B,Zach Green (13095337),Zach Green,13095337,3B,2300,PHI@SF 08/08/2019 09:45PM ET,SF,2
2B/SS,Gift Ngoepe (13095340),Gift Ngoepe,13095340,2B/SS,2300,PHI@SF 08/08/2019 09:45PM ET,PHI,0
2B/SS,Gregorio Petit (13095342),Gregorio Petit,13095342,2B/SS,2300,PHI@SF 08/08/2019 09:45PM ET,PHI,0
3B,Zack Cozart (13095358),Zack Cozart,13095358,3B,2200,LAA@BOS 08/08/2019 07:10PM ET,LAA,2
1B,Ibandel Isabel (13095347),Ibandel Isabel,13095347,1B,2200,CHC@CIN 08/08/2019 07:10PM ET,CIN,0
OF,Stuart Fairchild (13095350),Stuart Fairchild,13095350,OF,2200,CHC@CIN 08/08/2019 07:10PM ET,CIN,0
SS,Humberto Arteaga (13095357),Humberto Arteaga,13095357,SS,2200,KC@DET 08/08/2019 07:10PM ET,KC,3.38
2B,Jack Lopez (13095348),Jack Lopez,13095348,2B,2200,ATL@MIA 08/08/2019 07:10PM ET,ATL,0
OF,Tristan Pompey (13095354),Tristan Pompey,13095354,OF,2200,ATL@MIA 08/08/2019 07:10PM ET,MIA,0
OF,Will Benson (13095349),Will Benson,13095349,OF,2200,CLE@MIN 08/08/2019 08:10PM ET,CLE,0
SS,Nick Gordon (13095355),Nick Gordon,13095355,SS,2200,CLE@MIN 08/08/2019 08:10PM ET,MIN,0
OF,Tirso Ornelas (13095351),Tirso Ornelas,13095351,OF,2200,COL@SD 08/08/2019 10:10PM ET,SD,0
SS,Javy Guerra (13095352),Javy Guerra,13095352,SS,2200,COL@SD 08/08/2019 10:10PM ET,SD,0
SS,Gabriel Arias (13095353),Gabriel Arias,13095353,SS,2200,COL@SD 08/08/2019 10:10PM ET,SD,0
C,Chris Stewart (13095356),Chris Stewart,13095356,C,2200,COL@SD 08/08/2019 10:10PM ET,SD,0
SS,Jeremiah Jackson (13095359),Jeremiah Jackson,13095359,SS,2100,LAA@BOS 08/08/2019 07:10PM ET,LAA,0
OF,Jordyn Adams (13095360),Jordyn Adams,13095360,OF,2100,LAA@BOS 08/08/2019 07:10PM ET,LAA,0
2B/OF,Chris Owings (13095368),Chris Owings,13095368,2B/OF,2100,LAA@BOS 08/08/2019 07:10PM ET,BOS,3.83
C,Max Stassi (13095370),Max Stassi,13095370,C,2100,LAA@BOS 08/08/2019 07:10PM ET,LAA,2.47
1B/3B,Samir Duenez (13095361),Samir Duenez,13095361,1B/3B,2100,KC@DET 08/08/2019 07:10PM ET,KC,0
OF,Stone Garrett (13095363),Stone Garrett,13095363,OF,2100,ATL@MIA 08/08/2019 07:10PM ET,MIA,0
OF/SS,JT Riddle (13095366),JT Riddle,13095366,SS/OF,2100,ATL@MIA 08/08/2019 07:10PM ET,MIA,3.86
SS,Wander Javier (13095364),Wander Javier,13095364,SS,2100,CLE@MIN 08/08/2019 08:10PM ET,MIN,0
SS,Allen Cordoba (13095365),Allen Cordoba,13095365,SS,2100,COL@SD 08/08/2019 10:10PM ET,SD,0
C,Oscar Hernandez (13095375),Oscar Hernandez,13095375,C,2000,LAA@BOS 08/08/2019 07:10PM ET,BOS,0
SS,Livan Soto (13095381),Livan Soto,13095381,SS,2000,LAA@BOS 08/08/2019 07:10PM ET,LAA,0
SS,Leonardo Rivas (13095382),Leonardo Rivas,13095382,SS,2000,LAA@BOS 08/08/2019 07:10PM ET,LAA,0
SS,Troy Tulowitzki (13095372),Troy Tulowitzki,13095372,SS,2000,NYY@TOR 08/08/2019 07:07PM ET,NYY,4.6
C,Luke Maile (13095394),Luke Maile,13095394,C,2000,NYY@TOR 08/08/2019 07:07PM ET,TOR,3.07
C,Miguel Amaya (13095378),Miguel Amaya,13095378,C,2000,CHC@CIN 08/08/2019 07:10PM ET,CHC,0
SS,Nico Hoerner (13095379),Nico Hoerner,13095379,SS,2000,CHC@CIN 08/08/2019 07:10PM ET,CHC,0
OF,Nelson Velazquez (13095380),Nelson Velazquez,13095380,OF,2000,CHC@CIN 08/08/2019 07:10PM ET,CHC,0
OF,Mariel Bautista (13095383),Mariel Bautista,13095383,OF,2000,CHC@CIN 08/08/2019 07:10PM ET,CIN,0
OF,Mike Siani (13095384),Mike Siani,13095384,OF,2000,CHC@CIN 08/08/2019 07:10PM ET,CIN,0
3B,Jonathan India (13095385),Jonathan India,13095385,3B,2000,CHC@CIN 08/08/2019 07:10PM ET,CIN,0
SS,Alfredo Rodriguez (13095392),Alfredo Rodriguez,13095392,SS,2000,CHC@CIN 08/08/2019 07:10PM ET,CIN,0
2B,Kody Clemens (13095376),Kody Clemens,13095376,2B,2000,KC@DET 08/08/2019 07:10PM ET,DET,0
1B,Nick Pratto (13095391),Nick Pratto,13095391,1B,2000,KC@DET 08/08/2019 07:10PM ET,KC,0
C,Bobby Wilson (13095393),Bobby Wilson,13095393,C,2000,KC@DET 08/08/2019 07:10PM ET,DET,1.73
C,William Contreras (13095377),William Contreras,13095377,C,2000,ATL@MIA 08/08/2019 07:10PM ET,ATL,0
1B,Joe Mauer (13095388),Joe Mauer,13095388,1B,2000,CLE@MIN 08/08/2019 08:10PM ET,MIN,0
OF,Luke Raley (13095389),Luke Raley,13095389,OF,2000,CLE@MIN 08/08/2019 08:10PM ET,MIN,0
OF,Trevor Larnach (13095390),Trevor Larnach,13095390,OF,2000,CLE@MIN 08/08/2019 08:10PM ET,MIN,0
SS,Ruddy Giron (13095386),Ruddy Giron,13095386,SS,2000,COL@SD 08/08/2019 10:10PM ET,SD,0
SS,Xavier Edwards (13095387),Xavier Edwards,13095387,SS,2000,COL@SD 08/08/2019 10:10PM ET,SD,0
OF,Andrew McCutchen (13095371),Andrew McCutchen,13095371,OF,2000,PHI@SF 08/08/2019 09:45PM ET,PHI,8.66
3B/OF,Jose Bautista (13095373),Jose Bautista,13095373,3B/OF,2000,PHI@SF 08/08/2019 09:45PM ET,PHI,0
